{
  "epoch_losses": [
    2.1986132093838284,
    1.7669541069439478,
    1.3890167134148734,
    1.1939324140548706,
    1.0602184576647622,
    0.9666766268866402,
    0.9067527992384774,
    0.8680972414357322,
    0.8177038729190826,
    0.7899298412459237,
    0.7738007690225329,
    0.786760470696858,
    0.7517700493335724,
    0.7103197021143777,
    0.7081263618809837,
    0.6976429309163775,
    0.6667559104306358,
    0.6562447207314628,
    0.6648160261767251,
    0.6383810341358185,
    0.6343438135726112,
    0.6393761485815048,
    0.6040508385215487,
    0.5697451191289085,
    0.6156918704509735,
    0.618830008166177,
    0.5727413296699524,
    0.6022069773503712,
    0.5519920076642718,
    0.5588814147881099,
    0.5690917181117194,
    0.56282120517322,
    0.5639538445643016,
    0.5548893021685737,
    0.573356915797506,
    0.5137501060962677,
    0.5297565013170242,
    0.5168682102646146,
    0.5209154337644577,
    0.5128535202571324,
    0.5064859688282013,
    0.5325207092932293,
    0.5077598350388663,
    0.507943508880479,
    0.5274579674005508,
    0.5045786521264485,
    0.47536757801260265,
    0.48131479961531504,
    0.48992039050374714,
    0.48466705424445017
  ],
  "epoch_accs": [
    23.31434722457613,
    56.19612080710275,
    75.57727822235653,
    77.16286948748997,
    78.03263536521366,
    79.77216754640851,
    79.34882981436593,
    81.80418695722308,
    80.1493227481842,
    81.15763536521366,
    80.7112067937851,
    79.97229056698936,
    81.13454410008022,
    81.33466754640851,
    81.5578818321228,
    80.4879925080708,
    81.13454410008022,
    82.65086199556079,
    83.1896552017757,
    84.65979056698936,
    83.43596075262342,
    82.94334965092796,
    82.18134215899876,
    83.72075131961277,
    84.41348501614162,
    83.65917503833771,
    83.3435961178371,
    81.82727822235653,
    83.81311552865165,
    84.77524646690914,
    83.96705644471305,
    84.6366993018559,
    84.03632981436593,
    85.15240124293736,
    83.36668695722308,
    85.15240124293736,
    85.0215515920094,
    85.64501234463283,
    84.41348501614162,
    85.62192107949939,
    86.83035714285714,
    83.81311552865165,
    86.0914409160614,
    84.9060961178371,
    85.10621913841793,
    83.85929805891854,
    87.40763536521366,
    85.82204410008022,
    86.49168695722308,
    85.89131789548057
  ],
  "total_time_s": 21.514,
  "n_epochs": 50,
  "dataset": "CIFAR",
  "experiment": "simclr_finetune",
  "encoder_lr": 0.0001,
  "classifier_lr": 0.001
}