{
  "epoch_losses": [
    2.036260889777055,
    1.5793185910434588,
    1.3184236922162644,
    1.153035415825269,
    1.038508156512646,
    0.9625977506028845,
    0.8851632623807758,
    0.8363472476918646,
    0.8033870974331038,
    0.7636093615640139,
    0.7300534113079098,
    0.7021788126187967,
    0.6859450851771849,
    0.6682194784177956,
    0.6461065261499256,
    0.6395780194735696,
    0.6200812748560669,
    0.5978043749400065,
    0.6057055812355474,
    0.5863833095587737,
    0.5707338891976269,
    0.5712580247550991,
    0.5621536004205122,
    0.5586009355301552,
    0.5407675697025678,
    0.5427999547187318,
    0.5230642490564509,
    0.5277753436396307,
    0.5200242091577949,
    0.5114224586926454,
    0.5108833094226554,
    0.5046121142012008,
    0.494966909712088,
    0.49925315993052,
    0.49215674823057565,
    0.47940257117680624,
    0.48368134058959095,
    0.48202644362517283,
    0.48418292086175146,
    0.4778353401743774,
    0.4694144030412038,
    0.46408459301113236,
    0.46432722629384793,
    0.4602757098404228,
    0.45767508267510865,
    0.4527391902309783,
    0.4529436363818798,
    0.4526791473229726,
    0.44344867734198873,
    0.4473933191798257,
    0.44581507970678047,
    0.44848987491841014,
    0.44966514144383424,
    0.44307031128423435,
    0.435392715723802,
    0.43438435942991405,
    0.44052270593795373,
    0.43356336050845207,
    0.4372817245146907,
    0.43585225664977484,
    0.43127212678709775,
    0.4293057179831444,
    0.43256924898489146,
    0.4253356333108658,
    0.42034180356678386,
    0.4163374381919279,
    0.42489516819622497,
    0.42390009285287655,
    0.4150390419976931,
    0.4233839164177577,
    0.41215545013018534,
    0.424625334164775,
    0.424230879397257,
    0.4262970209333068,
    0.4229246971877754,
    0.4153176152959783,
    0.4179674281296155,
    0.415047196473213,
    0.4078398827754014,
    0.4135577477884631,
    0.41247638563315075,
    0.4268093397642704,
    0.4249595066545703,
    0.41791110776417645,
    0.42524839684050136,
    0.4068790876062204,
    0.4223192685039331,
    0.4152940755828898,
    0.4194416848691643,
    0.41247260549389725,
    0.4130614756058294,
    0.4136834671945437,
    0.41483268152314723,
    0.41512977802161627,
    0.41647451957489584,
    0.41144978228612994,
    0.41203043287527474,
    0.41419706488332003,
    0.4098299034732453,
    0.40814382799550997
  ],
  "epoch_accs": [
    44.59219858156028,
    72.09663120567376,
    75.68705673758865,
    77.26063829787235,
    78.21365248226951,
    78.5017730496454,
    79.5877659574468,
    79.85372340425532,
    79.85372340425532,
    80.23049645390071,
    80.74024822695036,
    80.80673758865248,
    80.78457446808511,
    81.16134751773049,
    82.00354609929079,
    81.71542553191489,
    82.26950354609929,
    83.24468085106383,
    82.02570921985816,
    82.42464539007092,
    82.80141843971631,
    82.89007092198581,
    82.9122340425532,
    83.17819148936171,
    83.57712765957447,
    83.6436170212766,
    84.41932624113475,
    84.30851063829788,
    84.30851063829788,
    84.21985815602837,
    84.24202127659575,
    84.13120567375887,
    84.53014184397163,
    84.552304964539,
    84.30851063829788,
    84.95124113475177,
    84.9290780141844,
    85.08421985815603,
    84.39716312056737,
    84.9290780141844,
    84.90691489361703,
    85.35017730496453,
    85.39450354609929,
    85.35017730496453,
    85.35017730496453,
    85.35017730496453,
    85.90425531914893,
    85.43882978723404,
    85.35017730496453,
    85.39450354609929,
    85.54964539007092,
    85.39450354609929,
    85.28368794326241,
    86.08156028368795,
    85.90425531914893,
    86.30319148936171,
    85.8377659574468,
    85.99290780141844,
    85.85992907801419,
    85.21719858156028,
    85.50531914893617,
    86.12588652482269,
    86.23670212765957,
    86.23670212765957,
    85.92641843971631,
    86.59131205673759,
    86.01507092198581,
    86.34751773049645,
    86.74645390070921,
    86.45833333333333,
    86.43617021276596,
    86.50265957446808,
    86.43617021276596,
    86.08156028368795,
    86.0372340425532,
    86.08156028368795,
    86.54698581560284,
    86.7686170212766,
    86.83510638297872,
    86.74645390070921,
    86.17021276595744,
    85.94858156028369,
    86.23670212765957,
    86.81294326241135,
    85.81560283687944,
    86.81294326241135,
    85.97074468085107,
    86.28102836879432,
    86.72429078014184,
    86.45833333333333,
    86.81294326241135,
    85.94858156028369,
    86.05939716312056,
    86.61347517730496,
    86.41400709219859,
    86.61347517730496,
    86.72429078014184,
    86.83510638297872,
    86.52482269503547,
    86.90159574468085
  ],
  "epoch_val_losses": [
    1.7213834326738005,
    1.3712362840676764,
    1.1499047981705635,
    1.010721413193235,
    0.9130954431120757,
    0.8198568093928562,
    0.805165773364389,
    0.7518446259437852,
    0.7268925973564196,
    0.6978009062208188,
    0.6640877241541625,
    0.640088767572573,
    0.617231436785619,
    0.5983475478971081,
    0.5854747302972587,
    0.5894251419290616,
    0.5697965265079669,
    0.5604496566922801,
    0.5533659978277364,
    0.5368366393314046,
    0.5300738764986112,
    0.5194386167890707,
    0.5259662837169732,
    0.5032154336856429,
    0.5042408063153553,
    0.5069080774381662,
    0.49407944757087974,
    0.49676629711108605,
    0.4843764445584291,
    0.48563507996546995,
    0.4767604203550679,
    0.4750935793112797,
    0.4668176561404186,
    0.4680683055690899,
    0.4667942628359339,
    0.46935709599097064,
    0.46142030322248007,
    0.4496682408698805,
    0.4621860982885786,
    0.45250517053968586,
    0.44381564286104436,
    0.44413337443664574,
    0.4376279478240165,
    0.44340964591806864,
    0.44847553655220446,
    0.4376691141325957,
    0.43396001351866753,
    0.4431852609108967,
    0.43514776125455357,
    0.4320909334405972,
    0.43898025781485683,
    0.43389533298790073,
    0.42520907388371265,
    0.4334191418946928,
    0.42861963400415554,
    0.42587406515695486,
    0.4274116765446724,
    0.43317356838542187,
    0.4204639452657882,
    0.4230221032052283,
    0.42693936131942045,
    0.4185292946684892,
    0.4264826634127623,
    0.417110425746365,
    0.42149133391820703,
    0.41861330978809647,
    0.4220507322413147,
    0.41436618851248624,
    0.41766053419204274,
    0.41838552446881677,
    0.4194766894267623,
    0.4201525098578945,
    0.4142577091860733,
    0.41776515994292157,
    0.4158496154341728,
    0.41752683157753795,
    0.41780168577364296,
    0.4188633090371539,
    0.40854295926868534,
    0.42031655977865695,
    0.4180795784778656,
    0.42414071377675244,
    0.4133845562957654,
    0.4184315223602732,
    0.4142645639693661,
    0.40873588346371986,
    0.4161745399521415,
    0.4160297621207632,
    0.4183260265049661,
    0.4198114051940335,
    0.40785118045320934,
    0.40960802033448673,
    0.41772590710478985,
    0.41857005674747905,
    0.41859003844534515,
    0.4106834317990549,
    0.4156868233802212,
    0.41402984951521943,
    0.4095826005669916,
    0.4152373760748821
  ],