{
  "epoch_losses": [
    1.433875497176566,
    0.8604121082039042,
    0.7046373914503916,
    0.623041237111796,
    0.5819218752651729,
    0.5431926512709734,
    0.5244126916143366,
    0.5045958829154684,
    0.4857690672982823,
    0.474552695364268,
    0.46061287132430484,
    0.45307084611109033,
    0.44790499814024026,
    0.4378542970357971,
    0.42663181286347523,
    0.4212385524191301,
    0.41753027006052434,
    0.40763448539655656,
    0.40004697551061824,
    0.3981194070603868,
    0.3899296030021188,
    0.38760321883654053,
    0.3844487215074795,
    0.3819200789280744,
    0.3796886239433661,
    0.37011840245263145,
    0.3656724200065417,
    0.3656572496878322,
    0.363780645780604,
    0.3579283065204932,
    0.35435259144287556,
    0.35532419046979735,
    0.3472876237197356,
    0.3505890161031857,
    0.3465013450900601,
    0.34424423214725475,
    0.33665253762790764,
    0.3359470493689349,
    0.33916194699916313,
    0.3347500724379312,
    0.33085005960046227,
    0.3348652038257569,
    0.3283321184889329,
    0.3294776418161663,
    0.32866343299180945,
    0.32653565833937714,
    0.3199098532574929,
    0.3176267221781679,
    0.3239477527042089,
    0.31705571662380616,
    0.3129864866760644,
    0.31459451849381864,
    0.313641327554995,
    0.31581701193301176,
    0.30947440301745455,
    0.31231368835274637,
    0.31343835921407764,
    0.3131081342739476,
    0.31219859420724044,
    0.30988092845390464,
    0.30281294461614877,
    0.30645583118100395,
    0.31052771097430115,
    0.3035763530272313,
    0.30267060591458256,
    0.3068154703254219,
    0.3062267146941105,
    0.3034389966633171,
    0.3006443816649897,
    0.30044936057476496,
    0.2962360272120515,
    0.3007669673745774,
    0.3036332399774851,
    0.30263022814919666,
    0.29825868407814676,
    0.2944306774509393,
    0.293052966367792,
    0.3000601767350666,
    0.2972884842946025,
    0.297065993972038,
    0.29500208915719256,
    0.29809851451268926,
    0.294587121154605,
    0.2948387287853455,
    0.29385595461776987,
    0.29654624209400604,
    0.29652727124895056,
    0.29381198881574994,
    0.2968970838225108,
    0.2915850158156404,
    0.29527139299104666,
    0.2944991061601534,
    0.302002042373219,
    0.2903164084312845,
    0.29205371919934725,
    0.29493427683535794,
    0.29451575091066345,
    0.2935904135387814,
    0.29571748129092157,
    0.2948627147971737
  ],
  "epoch_accs": [
    69.15394176136364,
    78.7198153409091,
    80.26899857954545,
    81.26775568181819,
    82.21324573863636,
    83.13210227272727,
    83.16761363636364,
    83.75355113636364,
    83.935546875,
    84.63689630681819,
    84.84108664772727,
    84.85884232954545,
    85.12517755681819,
    85.36931818181819,
    85.87091619318181,
    85.71555397727273,
    85.91086647727273,
    86.2704190340909,
    86.42134232954545,
    86.51012073863636,
    87.0205965909091,
    86.9229403409091,
    86.94513494318181,
    87.12269176136364,
    87.13600852272727,
    87.49556107954545,
    87.72194602272727,
    87.744140625,
    87.67755681818181,
    87.73970170454545,
    87.77521306818181,
    88.02379261363636,
    88.01047585227273,
    87.81072443181819,
    88.10369318181819,
    88.09925426136364,
    88.64080255681819,
    88.4188565340909,
    88.3212002840909,
    88.4765625,
    88.64968039772727,
    88.6319247159091,
    88.720703125,
    88.62748579545455,
    88.70738636363636,
    88.7784090909091,
    89.00923295454545,
    89.1024502840909,
    88.88050426136364,
    89.08913352272727,
    89.22230113636364,
    89.0625,
    89.08913352272727,
    88.95152698863636,
    89.33771306818181,
    89.32883522727273,
    89.31995738636364,
    89.16015625,
    89.22230113636364,
    89.36878551136364,
    89.7061434659091,
    89.37322443181819,
    89.306640625,
    89.5419034090909,
    89.39985795454545,
    89.599609375,
    89.48419744318181,
    89.68394886363636,
    89.71058238636364,
    89.55522017045455,
    89.7860440340909,
    89.697265625,
    89.52414772727273,
    89.39985795454545,
    89.74609375,
    89.81267755681819,
    89.87926136363636,
    89.41761363636364,
    89.67063210227273,
    89.80823863636364,
    89.71946022727273,
    89.74165482954545,
    89.67063210227273,
    90.04350142045455,
    90.01686789772727,
    89.77716619318181,
    89.74165482954545,
    89.95916193181819,
    89.89701704545455,
    89.90589488636364,
    89.7061434659091,
    89.8348721590909,
    89.45756392045455,
    89.93696732954545,
    89.77272727272727,
    89.7860440340909,
    89.8526278409091,
    90.02574573863636,
    89.78160511363636,
    89.71502130681819
  ],
  "epoch_val_losses": [
    0.923161691541125,
    0.6523502820236667,
    0.5748540094703626,
    0.5197787951132294,
    0.48548512312637015,
    0.46273343829782143,
    0.44964865220200484,
    0.43880085428808907,
    0.4208861785899302,
    0.4117985306082258,
    0.40452314647519666,
    0.38304457077934484,
    0.38532854796974525,
    0.3822200391322944,
    0.3676442755682833,
    0.3649912248276601,
    0.3732750231673004,
    0.3609983373172344,
    0.3648611862378515,
    0.3488498976881242,
    0.3413218209033559,
    0.35547400337115975,
    0.3501607295908746,
    0.34660689727326105,
    0.3339892376902377,
    0.34674578629861214,
    0.3355242128537339,
    0.3405222242615025,
    0.3433202572024552,
    0.3337586750839926,
    0.33358234821990795,
    0.3205490574050861,
    0.34015005473403415,
    0.3257328761611015,
    0.3334725707484658,
    0.33430235704798605,
    0.3347011087996185,
    0.32766739276658957,
    0.3340521385762722,
    0.3406025021081897,
    0.31750959689450114,
    0.31846622273231007,
    0.3115755237852502,
    0.3121867318679193,
    0.3235008431847688,
    0.3136608090465236,
    0.3103549399051317,
    0.3133115434817448,
    0.3068665693852173,
    0.3133220472580688,
    0.3227200943763089,
    0.31987511520837525,
    0.3217691868116522,
    0.3211027674709156,
    0.3153353786677312,
    0.3123248742454371,
    0.3154036397956739,
    0.31057582873922246,
    0.3045139727508946,
    0.31515912502814253,
    0.3084285349650368,
    0.3034547346222932,
    0.312086896413261,
    0.30639608296903836,
    0.32051629710728957,
    0.3026196161747738,
    0.31046516101831084,
    0.3008291047707105,
    0.3030735464280198,
    0.31394964224024186,
    0.30811520217425503,
    0.3084742235268947,
    0.3094262611714138,
    0.30360314359141005,
    0.30806873140821034,
    0.3067057049673074,
    0.32390506715057005,
    0.30943967406726947,
    0.3123003019933488,
    0.3056935956049117,
    0.3094334409684892,
    0.3137139696271936,
    0.30072830498788006,
    0.30835435292713204,
    0.3050408358122133,
    0.3100057155558258,
    0.3095541226256425,
    0.3070604786348001,
    0.3226438028512487,
    0.31073418107761697,
    0.30833072250910626,
    0.30322333717137384,
    0.30413387625650234,
    0.3081291876021464,
    0.30129051183581734,
    0.30257010923484995,
    0.30341881124456976,
    0.31166471097214965,
    0.30415317897868765,
    0.3052531995923276
  ],