{
  "epoch_losses": [
    2.323245031493051,
    2.26644195829119,
    2.1961278915405273,
    2.1233703749520436,
    2.0635424171175276,
    1.9992330414908273,
    1.9349468861307417,
    1.88227322271892,
    1.8228097813470023,
    1.7745731387819563,
    1.7322200281279427,
    1.684740858418601,
    1.642571943146842,
    1.6033913918903895,
    1.563962391444615,
    1.536873698234558,
    1.4970382622310094,
    1.4712559580802917,
    1.4328778215817042,
    1.4150367890085493,
    1.3976139000483923,
    1.3584981986454554,
    1.3444231748580933,
    1.3250635436603002,
    1.306348979473114,
    1.2759388174329485,
    1.2616577659334456,
    1.2450934393065316,
    1.236592675958361,
    1.220271178654262,
    1.1973475132669722,
    1.1863988127027238,
    1.1860492314611162,
    1.167124126638685,
    1.149154313973018,
    1.1384106491293227,
    1.1083235570362635,
    1.1154928633144923,
    1.0933221238000053,
    1.0881014210837228,
    1.0931347565991538,
    1.0772316030093603,
    1.0721397016729628,
    1.0505348316260747,
    1.0564240728105818,
    1.0508887767791748,
    1.0277129369122642,
    1.039191722869873,
    1.0197352852140154,
    1.0131932369300298,
    1.0263063098703111,
    1.002743239913668,
    1.013096456016813,
    0.9917609649045127,
    1.0008710878235954,
    0.9904315727097648,
    0.9805717979158673,
    0.9900631053107125,
    0.9701891243457794,
    0.9771364118371691,
    0.9686883985996246,
    0.968101326908384,
    0.9735559735979352,
    0.9644706802708762,
    0.9723543184144157,
    0.956250365291323,
    0.9516254109995705,
    0.9438869868006025,
    0.946278303861618,
    0.9443217175347465,
    0.9500287217753274,
    0.9511198912348066,
    0.9321860160146441,
    0.938641118151801,
    0.9410754186766488,
    0.937930268900735,
    0.9512344002723694,
    0.9322452970913478,
    0.9361882209777832,
    0.9471714666911534,
    0.9303704329899379,
    0.9299981466361454,
    0.9484651173864093,
    0.9444176724978856,
    0.9395049938133785,
    0.9225726893969944,
    0.9334252732140678,
    0.9452875852584839,
    0.9358828578676496,
    0.9383349120616913,
    0.9316490973745074,
    0.9251628220081329,
    0.9249033800193242,
    0.9287898455347333,
    0.9254377952643803,
    0.9429502146584647,
    0.9238205466951642,
    0.9353122668606895,
    0.922248831817082,
    0.9365585574081966
  ],
  "epoch_accs": [
    9.244150242635182,
    16.61022167120661,
    32.7355295419693,
    48.3605295419693,
    58.69766005447933,
    66.48706878934588,
    69.63516005447933,
    69.83528307506016,
    72.80634215899876,
    73.09882981436593,
    77.13977822235653,
    76.1776477098465,
    77.0243227481842,
    77.2475370338985,
    79.0794334241322,
    79.32573897497994,
    78.60991358757019,
    77.8940886259079,
    79.61822663034711,
    79.25646560532707,
    78.52524646690914,
    80.8651477098465,
    80.8651477098465,
    80.4879925080708,
    81.82727822235653,
    81.58097267150879,
    80.2185961178371,
    80.88823897497994,
    78.85621913841793,
    81.38084965092796,
    81.33466754640851,
    81.3577583857945,
    80.24168695722308,
    79.90301719733647,
    80.4879925080708,
    81.04217989104134,
    82.69704410008022,
    82.0504925080708,
    81.4039409160614,
    79.97229056698936,
    80.93442107949939,
    81.6271552017757,
    81.42703218119485,
    83.14347267150879,
    80.84205644471305,
    82.72013536521366,
    80.57266005447933,
    80.93442107949939,
    81.38084965092796,
    82.2737067937851,
    80.61884215899876,
    82.9202583857945,
    82.47382981436593,
    81.98121913841793,
    80.39562787328448,
    82.9202583857945,
    81.53479056698936,
    80.95751234463283,
    83.56681040355137,
    80.81896560532707,
    81.95812787328448,
    82.14285714285714,
    83.1203818321228,
    82.00431040355137,
    80.61884215899876,
    80.01847267150879,
    81.42703218119485,
    83.05110846246991,
    82.02740124293736,
    82.00431040355137,
    80.93442107949939,
    82.40455644471305,
    82.02740124293736,
    81.11145326069423,
    81.82727822235653,
    83.16656393664223,
    81.4039409160614,
    81.06527073042733,
    82.85098501614162,
    81.13454410008022,
    82.49692107949939,
    82.2737067937851,
    82.29679805891854,
    82.65086199556079,
    81.38084965092796,
    82.319889324052,
    81.3577583857945,
    81.80418695722308,
    80.51108377320426,
    82.74322663034711,
    80.93442107949939,
    83.1203818321228,
    81.58097267150879,
    82.9664409160614,
    83.29741358757019,
    82.65086199556079,
    82.02740124293736,
    81.15763536521366,
    81.80418695722308,
    82.47382981436593
  ],
  "epoch_val_losses": [
    2.297129576373252,
    2.2345046799653656,
    2.169168426732349,
    2.1055404912134645,
    2.0451233629967756,
    1.9888023699924444,
    1.9348432068612165,
    1.882489739709599,
    1.8318961866342338,
    1.7870056796225773,
    1.7418021328130346,
    1.705057509385856,
    1.662810431923836,
    1.6304981412401625,
    1.5918163197815038,
    1.5645872506366414,
    1.5331987347572473,
    1.5038474593192908,
    1.4792338503394158,
    1.451111195953029,
    1.428077581581796,
    1.4126964632872563,
    1.383523088351936,
    1.3605251513468992,
    1.3449997977845987,
    1.3321842000742627,
    1.3118793349357167,
    1.296638916252525,
    1.2805479286582606,
    1.2655529641801384,
    1.249601547885093,
    1.2450822037496385,
    1.2280107299992993,
    1.2145145550654952,
    1.2024700728950986,
    1.1969562066588433,
    1.1847442024073023,
    1.1749580817617429,
    1.1686315490941332,
    1.1550033821421823,
    1.1429276500537897,
    1.1370849039903872,
    1.1239642443930267,
    1.1238952358816838,
    1.1220241944501355,
    1.113027574530073,
    1.1008460962089004,
    1.0982475178256916,
    1.0939813047457652,
    1.0901254817938348,
    1.0824607371524642,
    1.0805178216308544,
    1.073702718801559,
    1.0735720639016217,
    1.065422546711697,
    1.062386724979255,
    1.0547324441800452,
    1.0544278185079052,
    1.04786403429736,
    1.042663028665409,
    1.0483213218913716,
    1.0392130841115477,
    1.0383725739588403,
    1.0355496144598457,
    1.035725694553108,
    1.025519912030287,
    1.0271037380406811,
    1.0250647314794503,
    1.0206013124459867,
    1.023572327604719,
    1.0207478593868815,
    1.0205705093730026,
    1.0084796819337614,
    1.014797059973334,
    1.0189667871803234,
    1.0115362314661598,
    1.014550750802277,
    1.0147018531325516,
    1.0089702180996063,
    1.0139039272715331,
    1.0116709459359479,
    1.0148773990618956,
    1.0109941397502924,
    1.0057039154562981,
    1.0103921039848571,
    1.0079880873109126,
    1.0034802901517055,
    1.0060598292168539,
    1.0110635791614557,
    1.0071263935915225,
    1.0012046091116158,
    1.0056375105669544,
    1.009056581813059,
    1.0092031887382458,
    1.0057250261306763,
    1.0065956176466244,
    1.0119171795571686,
    1.0049227874749784,
    1.0035453932300495,
    1.0106573203566727
  ],