{
  "epoch_losses": [
    1.4259937670589848,
    0.857718161137944,
    0.712887269561179,
    0.6495905626057223,
    0.604185365436768,
    0.576960061719133,
    0.5570015343109844,
    0.5399337913206016,
    0.5294579894504171,
    0.5176459169226952,
    0.5077000198942456,
    0.5006812875362812,
    0.49528688126751647,
    0.4892486115092073,
    0.4832013141660189,
    0.47977594190954487,
    0.47472756017338147,
    0.4693601807494732,
    0.466141936305741,
    0.46306155660105025,
    0.45922091080468486,
    0.4608323109463196,
    0.456475709522651,
    0.45326538363852625,
    0.45064340003194625,
    0.44935671688819473,
    0.44700090982951224,
    0.4485580375502733,
    0.445396805817092,
    0.44371706736274064,
    0.4421071296707272,
    0.44271942458792846,
    0.4404944288808937,
    0.43751223770562897,
    0.43501086033541464,
    0.4337194694777612,
    0.43275665951130743,
    0.43117140495980294,
    0.43378500367345457,
    0.43094707651971476,
    0.42897683206353,
    0.42920147660400043,
    0.42736044214953756,
    0.428511478620666,
    0.4300657946532944,
    0.42843064820309257,
    0.42738597871820355,
    0.42431895240125334,
    0.4258815451228822,
    0.42516597180003207,
    0.4253119151134425,
    0.42282707074826414,
    0.42031856590289285,
    0.42399426196524553,
    0.4244003238960762,
    0.41953623795118555,
    0.4181790575073075,
    0.42210197183083603,
    0.4203801480416587,
    0.4193560372143772,
    0.42069820771754185,
    0.42051496653568227,
    0.42199651957277884,
    0.42940712575165724,
    0.41816120295235043,
    0.41585945214451797,
    0.4179059747045606,
    0.42018841447266325,
    0.4189067760863426,
    0.419467983764176,
    0.4185968441782858,
    0.41565714963284833,
    0.41911662079788087,
    0.41570347468157043,
    0.41548549162689596,
    0.4157519164251756,
    0.41553319720101584,
    0.4167916456539057,
    0.41919699334539473,
    0.4173653020588972,
    0.4154179419327358,
    0.41825981079918245,
    0.41385855868601207,
    0.41515644011087716,
    0.4124297456477128,
    0.42004234523681755,
    0.4144982566361002,
    0.41502976996972313,
    0.4178771453114171,
    0.41697871311440726,
    0.41408181158211926,
    0.4150463224643979,
    0.4146444520235739,
    0.4120793138334358,
    0.4123748826425216,
    0.41672904099407954,
    0.41752451338635926,
    0.4172416226938367,
    0.4168656900715591,
    0.41428457854569634
  ],
  "epoch_accs": [
    73.2998934659091,
    80.6640625,
    81.8270596590909,
    82.19992897727273,
    82.89240056818181,
    83.31409801136364,
    83.3984375,
    83.77130681818181,
    83.81125710227273,
    84.09534801136364,
    84.16637073863636,
    83.95774147727273,
    84.2373934659091,
    84.39275568181819,
    84.7079190340909,
    84.5703125,
    84.88103693181819,
    84.7567471590909,
    84.7745028409091,
    84.86328125,
    84.99200994318181,
    84.96537642045455,
    84.92986505681819,
    85.01420454545455,
    85.12073863636364,
    85.17844460227273,
    85.17844460227273,
    85.15625,
    85.26722301136364,
    85.23615056818181,
    85.38263494318181,
    85.32936789772727,
    85.20951704545455,
    85.25390625,
    85.51580255681819,
    85.42702414772727,
    85.595703125,
    85.43146306818181,
    85.61345880681819,
    85.4891690340909,
    85.50248579545455,
    85.56019176136364,
    85.44921875,
    85.43146306818181,
    85.52911931818181,
    85.89311079545455,
    85.63121448863636,
    85.81321022727273,
    85.52024147727273,
    85.66672585227273,
    85.74662642045455,
    85.70667613636364,
    85.97301136363636,
    85.62677556818181,
    85.51136363636364,
    85.71555397727273,
    86.02183948863636,
    85.7421875,
    85.66228693181819,
    85.7998934659091,
    85.7421875,
    85.76882102272727,
    85.7333096590909,
    85.52024147727273,
    85.86203835227273,
    85.97301136363636,
    85.79545454545455,
    85.7022372159091,
    86.06178977272727,
    85.65784801136364,
    85.66672585227273,
    85.88423295454545,
    85.71555397727273,
    85.91530539772727,
    85.82208806818181,
    85.96413352272727,
    85.9375,
    85.82652698863636,
    85.93306107954545,
    85.82208806818181,
    85.78657670454545,
    85.7022372159091,
    85.80433238636364,
    85.6534090909091,
    85.92418323863636,
    85.8975497159091,
    85.91086647727273,
    85.87535511363636,
    85.80877130681819,
    85.7821377840909,
    85.89311079545455,
    85.95081676136364,
    85.90198863636364,
    85.87535511363636,
    85.88423295454545,
    85.64897017045455,
    86.01740056818181,
    85.62677556818181,
    85.76882102272727,
    85.89311079545455
  ],
  "epoch_val_losses": [
    0.9917883307311186,
    0.7619008928727192,
    0.6692887768623935,
    0.6269923877564205,
    0.5912566109068075,
    0.5682120960988816,
    0.548848310663442,
    0.5350289079034405,
    0.5244018179216202,
    0.5129215891953487,
    0.49913521424220625,
    0.49457609843296607,
    0.48949340887510095,
    0.48656721251785373,
    0.4712678732196237,
    0.47781689892149276,
    0.4749141834723722,
    0.467466830163245,
    0.4640452814329961,
    0.4597642427535763,
    0.46076268887823557,
    0.4568608771463868,
    0.45779234635981786,
    0.4486316505131448,
    0.45011722016486394,
    0.4556565523906878,
    0.45238129547826805,
    0.44691537576875867,
    0.4427334442260159,
    0.44286686248460394,
    0.4443450546378543,
    0.44613586052967485,
    0.4436188932437046,
    0.43657952461652694,
    0.4332766482120107,
    0.4439879530554364,
    0.4424005974629882,
    0.43023157793625144,
    0.43962426834804996,
    0.43856990897351766,
    0.4303501291070015,
    0.4292746818369361,
    0.42414621591188345,
    0.4248782546277259,
    0.4370973273447365,
    0.42834293234879806,
    0.4225902050543743,
    0.4256742321381903,
    0.4221208003486038,
    0.4270540912914428,
    0.4292629352610582,
    0.43536623695473764,
    0.42544498641020173,
    0.4269050582768811,
    0.4234916952195441,
    0.4283511530441843,
    0.42351137130123795,
    0.42339723467067547,
    0.4188663447928277,
    0.42405568167662167,
    0.42613161473896854,
    0.42153773509013426,
    0.4178029178244293,
    0.42003815478769835,
    0.42472683225467706,
    0.4158482577675467,
    0.42293150352824266,
    0.4137451287572551,
    0.41971992905352523,
    0.4196378246044657,
    0.4168502435467805,
    0.4243334572596155,
    0.41344596600978617,
    0.41554093636145256,
    0.4273764703683792,
    0.4135141979167416,
    0.4260006134107614,
    0.42524692027052496,
    0.41297510494092465,
    0.42182935641449726,
    0.4220564671952254,
    0.4310388841256974,
    0.41731295236356697,
    0.4176964917380339,
    0.4220780159352691,
    0.417784229964967,
    0.4170479807694247,
    0.4172505134135295,
    0.42957557310723954,
    0.41853926250129747,
    0.4145521630716931,
    0.41645669101909466,
    0.4231040379044357,
    0.42121376173131786,
    0.4245889780058223,
    0.4189198972408179,
    0.4260807476795403,
    0.4222959795385409,
    0.4090334440397609,
    0.4258302680815861
  ],