{
  "epoch_losses": [
    1.7350402471016755,
    1.1248827947472984,
    0.9079419266093861,
    0.8017249528149312,
    0.7341887234625492,
    0.6944760357622396,
    0.6586782356554811,
    0.635784397071058,
    0.614399406296963,
    0.599088870073584,
    0.5871304674920711,
    0.5707784617658366,
    0.5599511630663817,
    0.5487402113662525,
    0.5439830734817819,
    0.5397653148763559,
    0.5322589031843976,
    0.520972323095934,
    0.5235607958060097,
    0.515761283268644,
    0.5101939085870981,
    0.5063852021809329,
    0.500474427445707,
    0.499078104484149,
    0.4961956680159677,
    0.4947754440998489,
    0.48911253684623673,
    0.4849362568506463,
    0.48371104210276494,
    0.4822306127118116,
    0.47803015473552724,
    0.4782580202022059,
    0.48090173075483605,
    0.4737006048671901,
    0.4766695757227188,
    0.4729469394607639,
    0.46819025049494073,
    0.4674118569290096,
    0.46821274756538594,
    0.4673384325578809,
    0.4610997554846108,
    0.4642628481484611,
    0.45918794022873044,
    0.46107639131051575,
    0.4608378072946586,
    0.45957550165158784,
    0.4566168975593014,
    0.4554334110580385,
    0.45941662149165163,
    0.4523059368895536,
    0.45578632270917296,
    0.45827427349815314,
    0.45248300848867407,
    0.4532060625497252,
    0.45414360938593745,
    0.4500772948800163,
    0.4438184826973487,
    0.45183475163172593,
    0.44859235382384877,
    0.45019663438539614,
    0.44953125524757936,
    0.444907628423111,
    0.4455928064628758,
    0.44781302961266856,
    0.4459335092158819,
    0.445772184016691,
    0.44830009337006643,
    0.4493918273259293,
    0.44485072198916564,
    0.4437233592722226,
    0.4452252356250855,
    0.44377826641059737,
    0.4444698898375712,
    0.44377369522540405,
    0.4438625941137699,
    0.4443152120167559,
    0.4451196674172851,
    0.4440774388865314,
    0.4416446363214742,
    0.44682830826125364,
    0.44074996757659723,
    0.4427342619323595,
    0.44062442357905884,
    0.44345582818443124,
    0.4426747038537128,
    0.4428126998245716,
    0.44428108852695336,
    0.44023972806859424,
    0.44044253636490216,
    0.44452746576544916,
    0.4400719595141709,
    0.443484162022783,
    0.4430799975313924,
    0.442331765990027,
    0.443975252289833,
    0.44141585659235716,
    0.44195004601285537,
    0.4413291185840287,
    0.4422594230114059,
    0.4398249832659282
  ],
  "epoch_accs": [
    66.13873107866807,
    79.87807765603065,
    81.03989110412923,
    81.5027225423943,
    82.07741477950053,
    82.11410985412923,
    82.91666668585755,
    82.46922349049287,
    82.88648201322013,
    83.07410038330339,
    83.17945076322013,
    83.45052085139535,
    83.57362691313028,
    83.91749526966701,
    83.7878788059408,
    83.61919982866807,
    83.75414300032638,
    84.05184661122885,
    83.71212121776558,
    84.22289301048626,
    84.17613638395613,
    84.40044982866807,
    84.27497634494847,
    84.34599907222119,
    84.61233429949392,
    84.33830494230443,
    84.3093039975925,
    84.93963070213795,
    84.24834282222119,
    84.63896782222119,
    84.90767045454545,
    84.36493846503171,
    84.6999289975925,
    85.02189869230443,
    84.4957386566834,
    84.81001420454545,
    84.78989111767574,
    84.83428032222119,
    84.94081441313028,
    84.85203600403938,
    85.0574100559408,
    85.1183712313121,
    85.4977509514852,
    85.0905539975925,
    84.93075286122885,
    84.90648676048626,
    85.33262312412262,
    85.44921875,
    85.10298295454545,
    85.26041668585755,
    85.23141572421247,
    85.01065342941068,
    85.35807293585755,
    85.12606536122885,
    85.26929452676664,
    85.33913354304704,
    85.48354641957717,
    85.10061554949392,
    85.6356534090909,
    85.22135417231105,
    85.09292141957717,
    85.51905778321353,
    85.34682765603065,
    85.40246214040302,
    85.38589016957717,
    85.51669036122885,
    85.29592804949392,
    85.3136837313121,
    85.37582861767574,
    85.60546877031976,
    85.63328600403938,
    85.64985797486521,
    85.48354641957717,
    85.48236270858483,
    85.16276043585755,
    85.41015627031976,
    85.42909566313028,
    85.39476801048626,
    85.37819602272727,
    85.28705020858483,
    85.5788352475925,
    85.57114111767574,
    85.28468276966701,
    85.55456914684989,
    85.67885891957717,
    85.5089962313121,
    85.63446971503171,
    85.31605113636364,
    85.46460702676664,
    85.52675191313028,
    85.62440816313028,
    85.48473011363636,
    85.51669036122885,
    85.33025570213795,
    85.51787407222119,
    85.18939395858483,
    85.66110323775898,
    85.48236270858483,
    85.17282198775898,
    85.73982009494847
  ],
  "epoch_val_losses": [
    1.3196209365395224,
    0.9869204596349388,
    0.8438313633772978,
    0.7699700593948364,
    0.7165740362018537,
    0.6782646581625483,
    0.6479477652698565,
    0.6268336691294506,
    0.6090561872834612,
    0.5912762538642641,
    0.5747362111404444,
    0.5667377924843199,
    0.5565309780798141,
    0.551506110247533,
    0.5338143907534848,
    0.538304338124907,
    0.5325846749885826,
    0.5243200390202225,
    0.5194969099418373,
    0.5128874367779228,
    0.5127970356090813,
    0.509063255445213,
    0.5055650489725125,
    0.49705326623597723,
    0.49766285869346305,
    0.5028792948100218,
    0.49610136534757676,
    0.49131276406300295,
    0.48645347964232133,
    0.4849084438222229,
    0.4859906914317684,
    0.4884111402900356,
    0.485064398521071,
    0.47685187419129027,
    0.4743046699815495,
    0.4830300545047043,
    0.48095522612143476,
    0.4699518301874209,
    0.47657965266021196,
    0.4750083457132813,
    0.46685374865106716,
    0.4662256279758587,
    0.460533576406491,
    0.4621920598919984,
    0.47245502016346924,
    0.46425982920607184,
    0.45798983163894363,
    0.46109235941604443,
    0.45792841579124427,
    0.4610421167342526,
    0.46211431578845735,
    0.4682605054917609,
    0.4576387105474047,
    0.46186558228389474,
    0.4576968053343949,
    0.46169121572925786,
    0.456358476144493,
    0.4561197394208544,
    0.4524500260877002,
    0.4551584829760205,
    0.4586654151700864,
    0.4536221717383451,
    0.44969542485893155,
    0.45158217904294373,
    0.4563860265882152,
    0.44797475745154036,
    0.4548829060261417,
    0.44608972046025996,
    0.4513196562695655,
    0.4517920352281279,
    0.4482513966074415,
    0.4548556272201477,
    0.4439066429236892,
    0.4467720606714297,
    0.4575533288869129,
    0.44460161125204367,
    0.45611593563845204,
    0.4559849068807189,
    0.44497353597811073,
    0.45305724489461086,
    0.45293150766260304,
    0.4610884075711487,
    0.4479908509903653,
    0.4477514058920988,
    0.45272724472793047,
    0.44830788681461553,
    0.44820794747893217,
    0.4479287613159532,
    0.45942612941477706,
    0.45042031196651944,
    0.44541114151098166,
    0.44770735141577994,
    0.4528920935217742,
    0.4523557173028873,
    0.45483523702165884,
    0.45009173571493977,
    0.45683216612050487,
    0.452391711105207,
    0.4396700965845661,
    0.45594548030643706
  ],