{
  "epoch_losses": [
    1.139687653480054,
    0.6812624493514551,
    0.5920903163127385,
    0.5489987041629115,
    0.5240554853204132,
    0.5055647570674269,
    0.4916332951762105,
    0.48202519565714785,
    0.47268526563745233,
    0.4649192314136935,
    0.46061713500021195,
    0.4558134918506889,
    0.4515278728065884,
    0.44700094519478256,
    0.4408705830679943,
    0.44051745800829645,
    0.4371597160715623,
    0.43324191319175703,
    0.4326782733964513,
    0.4320448686943973,
    0.4301873505719181,
    0.42763601517795924,
    0.427190930180797,
    0.42343299811561647,
    0.42154607133358696,
    0.4216348930197823,
    0.41906731050956647,
    0.4182318130292279,
    0.41813929998544236,
    0.4134634022455988,
    0.41509723822720607,
    0.41534955325644324,
    0.41556398203568673,
    0.41365988243320945,
    0.41274071894665515,
    0.4099512054308899,
    0.41168713524630496,
    0.40809520277344935,
    0.4097790149726932,
    0.4079667935101547,
    0.40621943489066575,
    0.4055647172600391,
    0.40697958734476913,
    0.40745959787840696,
    0.40550470904479574,
    0.40692945241970463,
    0.4051644496656769,
    0.40165081353462284,
    0.4023984536295591,
    0.40223555142416034,
    0.40191985132449387,
    0.403167651215596,
    0.4029673912430708,
    0.4015719584469348,
    0.40078996710728143,
    0.4010902970775104,
    0.40226745119354107,
    0.3991282640214329,
    0.39937254675818235,
    0.4002986513951948,
    0.4001013183623404,
    0.3974883271898881,
    0.3988930020711696,
    0.39637054194244153,
    0.4000131055109028,
    0.39773813401585195,
    0.39933372692978797,
    0.3993119649276635,
    0.39599369125812717,
    0.39596244714513434,
    0.398777969186833,
    0.39878735861819775,
    0.39735857577360345,
    0.3992399177762237,
    0.3987518648253575,
    0.3977739981348496,
    0.3968966327602336,
    0.39966063907829347,
    0.39741204380883166,
    0.3998556210319879,
    0.39759728936286537,
    0.3966905440454713,
    0.39703724649817534,
    0.3983383119879416,
    0.3992432792536655,
    0.397297415430919,
    0.39718824859070456,
    0.3999369102500395,
    0.3972304469476207,
    0.39739209111163015,
    0.39920549653338133,
    0.39614901483037745,
    0.3967913637452712,
    0.3967643533095283,
    0.39640560332624813,
    0.3975162096083291,
    0.396212424873755,
    0.3965386660357867,
    0.3987204977486603,
    0.39608167528618965
  ],
  "epoch_accs": [
    77.07000710732054,
    82.08955223880596,
    83.0112828713575,
    83.50879530916845,
    83.70868869936034,
    84.12846481876332,
    84.25284292821607,
    84.61709310589907,
    84.5882196162047,
    84.78811300639659,
    84.84363894811656,
    85.03686922530206,
    85.11016346837242,
    85.20344705046197,
    85.41888770433546,
    85.1723525230988,
    85.24342572850036,
    85.50772921108742,
    85.46997157071785,
    85.53438166311301,
    85.46775053304904,
    85.62988628287135,
    85.60323383084577,
    85.7431592039801,
    85.7276119402985,
    85.78313788201848,
    85.71650675195451,
    85.9341684434968,
    85.76981165600569,
    86.10518834399431,
    85.7298329779673,
    85.80090618336887,
    85.9497157071784,
    85.92972636815921,
    85.80534825870647,
    86.01190476190476,
    85.90751599147121,
    86.03189410092395,
    86.00524164889836,
    86.12739872068231,
    86.17181947405828,
    86.04299928926794,
    86.14960909737029,
    85.82089552238806,
    86.17404051172709,
    86.09186211798152,
    86.04299928926794,
    86.30508173418622,
    86.19625088841507,
    86.21179815209666,
    86.03855721393035,
    86.24289267945984,
    86.17626154939587,
    86.15183013503909,
    86.27176616915423,
    86.21401918976545,
    86.23178749111585,
    86.38059701492537,
    86.20957711442786,
    86.24289267945984,
    86.30952380952381,
    86.29397654584221,
    86.38726012793177,
    86.40947050461976,
    86.16515636105188,
    86.22068230277185,
    86.3228500355366,
    86.31174484719261,
    86.3272921108742,
    86.31174484719261,
    86.19402985074628,
    86.37393390191897,
    86.27176616915423,
    86.22068230277185,
    86.3317341862118,
    86.40947050461976,
    86.38948116560057,
    86.23178749111585,
    86.38281805259417,
    86.25843994314144,
    86.39836531627576,
    86.20069296375266,
    86.27398720682302,
    86.26954513148543,
    86.21179815209666,
    86.22068230277185,
    86.31174484719261,
    86.42501776830134,
    86.45389125799574,
    86.41391257995735,
    86.24511371712865,
    86.20069296375266,
    86.37615493958778,
    86.26066098081023,
    86.38948116560057,
    86.3272921108742,
    86.26732409381663,
    86.36727078891258,
    86.23400852878464,
    86.38948116560057
  ],
  "epoch_val_losses": [
    0.7650046959804122,
    0.6190801055947687,
    0.5592716379909758,
    0.534773526108189,
    0.5109109983892198,
    0.4979645154278749,
    0.4838963542964048,
    0.47422439258569365,
    0.46880028496502313,
    0.4601052944447584,
    0.4490894841350568,
    0.44695378460322216,
    0.4457135432085414,
    0.4431312680244446,
    0.4300087493885854,
    0.43715725784563714,
    0.43508111282139067,
    0.42913095330356793,
    0.4278095800216031,
    0.4242906382331138,
    0.4254136427192931,
    0.422133060302704,
    0.42540454712642983,
    0.41655934872520956,
    0.4173651994413631,
    0.4243444077148559,
    0.4229209897624459,
    0.4166523068194177,
    0.41287345510379525,
    0.414643234318229,
    0.4153670743582355,
    0.4164334415060699,
    0.4157116903336185,
    0.4090679786197699,
    0.4059183204629619,
    0.41805641391095083,
    0.41651523483406966,
    0.4028276575693659,
    0.41502730349066913,
    0.41404527881342895,
    0.40550264089730137,
    0.40353783281745426,
    0.39821448836736617,
    0.39913336790291365,
    0.4117677219354423,
    0.4026030276421529,
    0.39779428672638667,
    0.40043964564420614,
    0.39669958729842664,
    0.4038237642710376,
    0.4047369433531336,
    0.411051294416379,
    0.40258387371802784,
    0.40216488751826013,
    0.399273340062351,
    0.40390815462466256,
    0.3993769335518977,
    0.40055404375692844,
    0.39374270816897133,
    0.400902530617395,
    0.4027573493825402,
    0.39828221751436305,
    0.3947874817309106,
    0.39731018805200125,
    0.4020003855797895,
    0.39214321306556654,
    0.3992871392019995,
    0.3902502392128015,
    0.3966836075589156,
    0.3974375545409075,
    0.39324736058901827,
    0.4011941414539981,
    0.39198386891015397,
    0.3920496670873302,
    0.4054951802560478,
    0.3908304709727597,
    0.40366924312084346,
    0.4024706054834803,
    0.39060509707897334,
    0.4000060061455532,
    0.3985850874595581,
    0.4080275319943762,
    0.39497926669895267,
    0.39515193689400985,
    0.3996684256537705,
    0.3958299896519655,
    0.3935798671879586,
    0.3942282804922693,
    0.40769831741311746,
    0.39481957930668143,
    0.39199937301076904,
    0.39411286079579855,
    0.40115219155314624,
    0.39844024124418853,
    0.4025093692882805,
    0.39611472566701045,
    0.40246838696633175,
    0.399069170805679,
    0.38711641641084554,
    0.4029561831692981
  ],