{
  "epoch_losses": [
    2.3214695623942783,
    2.2544948884419034,
    2.1751657894679477,
    2.0902974775859287,
    2.0203278064727783,
    1.9465349146297999,
    1.8871616550854273,
    1.834040207522256,
    1.7640877280916487,
    1.7125907114573888,
    1.6595192892210824,
    1.6133130192756653,
    1.5768754482269287,
    1.5289502229009355,
    1.4936810391289848,
    1.4630243011883326,
    1.4283000656536646,
    1.4027020335197449,
    1.3567052568708147,
    1.3416021040507726,
    1.313159431729998,
    1.2816553371293204,
    1.2754819733755929,
    1.2514056393078394,
    1.2296287161963326,
    1.1950506482805525,
    1.1806102735655648,
    1.1542411702019828,
    1.1685601004532404,
    1.1430418150765556,
    1.1360100507736206,
    1.1111165029661996,
    1.1120130802903856,
    1.0895406433514185,
    1.061694243124553,
    1.046964066369193,
    1.0618597056184496,
    1.0508483861173903,
    1.035297759941646,
    1.0209677347115107,
    0.9992998838424683,
    0.999386693750109,
    1.003598885876792,
    0.9791162652628762,
    0.97627221260752,
    0.9623226608548846,
    0.9634898219789777,
    0.9788841647761208,
    0.955083144562585,
    0.9427290473665509,
    0.9396924121039254,
    0.9410623780318669,
    0.9348963243620736,
    0.9280943742820195,
    0.9304329369749341,
    0.9315530189446041,
    0.9311054646968842,
    0.9088633188179561,
    0.9046878261225564,
    0.929102578333446,
    0.9100564079625266,
    0.9088365095002311,
    0.8950960252966199,
    0.8899735297475543,
    0.9024823776313237,
    0.9059145152568817,
    0.8840272554329464,
    0.8729150295257568,
    0.8895314633846283,
    0.8768860399723053,
    0.8835124628884452,
    0.8790205589362553,
    0.8660166050706591,
    0.8722721380846841,
    0.862798490694591,
    0.8756701307637351,
    0.865991222006934,
    0.8653258638722556,
    0.8748888969421387,
    0.8732907048293522,
    0.8623090428965432,
    0.8555532480989184,
    0.8768459856510162,
    0.864004658801215,
    0.8623835103852409,
    0.8638928617749896,
    0.8642702741282327,
    0.8756021686962673,
    0.877637505531311,
    0.8620828943593162,
    0.8692064838750022,
    0.8512369564601353,
    0.8601702451705933,
    0.8646246152264732,
    0.8624704735619682,
    0.8760127893515995,
    0.8591925416673932,
    0.8630041607788631,
    0.8623045597757611,
    0.8639583502496991
  ],
  "epoch_accs": [
    9.64439654988902,
    19.33497531073434,
    38.09267239911215,
    48.40671164648874,
    55.77278307506016,
    62.245997360774446,
    66.44088668482644,
    69.45812787328448,
    73.0526477098465,
    72.60621913841793,
    76.22382981436593,
    78.36360846246991,
    75.21551719733647,
    76.55480291162219,
    78.3866993018559,
    79.12561552865165,
    79.52586199556079,
    80.1493227481842,
    77.56311552865165,
    78.8100370338985,
    79.88762302058083,
    79.0794334241322,
    79.25646560532707,
    80.68811552865165,
    81.6271552017757,
    80.19550485270364,
    81.18072663034711,
    80.81896560532707,
    78.20966754640851,
    82.74322663034711,
    80.44181040355137,
    80.46490124293736,
    79.9953818321228,
    80.7958743401936,
    83.1203818321228,
    82.2044334241322,
    82.0504925080708,
    82.22752468926566,
    80.7112067937851,
    81.95812787328448,
    81.11145326069423,
    82.49692107949939,
    81.38084965092796,
    83.1203818321228,
    82.45073897497994,
    83.8362067937851,
    81.68873148305076,
    80.88823897497994,
    81.58097267150879,
    81.38084965092796,
    82.40455644471305,
    83.3435961178371,
    82.2737067937851,
    83.3435961178371,
    81.33466754640851,
    80.66502468926566,
    81.5578818321228,
    83.23583730629512,
    83.38977822235653,
    83.29741358757019,
    83.14347267150879,
    83.48214285714286,
    83.8362067937851,
    81.73491358757019,
    81.04217989104134,
    79.54895326069423,
    81.87346075262342,
    83.02801719733647,
    82.45073897497994,
    81.7810961178371,
    81.60406393664223,
    81.68873148305076,
    81.82727822235653,
    81.98121913841793,
    82.2737067937851,
    82.74322663034711,
    83.882389324052,
    82.2044334241322,
    84.01323897497994,
    84.72906393664223,
    84.03632981436593,
    83.41286948748997,
    81.4039409160614,
    84.01323897497994,
    83.41286948748997,
    81.65024646690914,
    81.3577583857945,
    80.24168695722308,
    81.60406393664223,
    83.43596075262342,
    82.94334965092796,
    81.80418695722308,
    84.03632981436593,
    82.98953218119485,
    83.05110846246991,
    84.45966754640851,
    83.8362067937851,
    81.6271552017757,
    82.00431040355137,
    82.47382981436593
  ],
  "epoch_val_losses": [
    2.290189055120869,
    2.2075287612380494,
    2.1228139734571907,
    2.0450073685615684,
    1.9665820264512566,
    1.9024430194478126,
    1.8387390686448213,
    1.7715130323057722,
    1.7266356352787868,
    1.6713915888670903,
    1.6263655355781506,
    1.5731812343475924,
    1.5309993476624701,
    1.4957175505389073,
    1.4525941792567065,
    1.4273071213133017,
    1.4045950766581639,
    1.3660810973234236,
    1.338771269579602,
    1.3153140487944244,
    1.288335577697511,
    1.2815605682931888,
    1.2395497385863286,
    1.2252520816341328,
    1.2081267063025456,
    1.1950759853527044,
    1.1792608408411598,
    1.158463212714833,
    1.1452435034855155,
    1.1240539262249212,
    1.1147349233839923,
    1.106243671884962,
    1.0788276408128679,
    1.0797018423961227,
    1.0632091418952698,
    1.0620727011352589,
    1.0554816225531753,
    1.0389734719209611,
    1.0411546446715192,
    1.0271408793273245,
    1.0005498232355543,
    1.0089971237121873,
    0.9896666388602773,
    1.0006528918150883,
    0.9916695587953944,
    0.9878547233381089,
    0.979937786509277,
    0.9539732200324915,
    0.9604917946894458,
    0.9564066654557635,
    0.9435026740572255,
    0.9445916064985239,
    0.9451047056799482,
    0.9507614662692805,
    0.9370082301698672,
    0.9295707899294082,
    0.9335350322115953,
    0.9260804755672528,
    0.9268689751625061,
    0.9038374784645761,
    0.9173053719435528,
    0.9118968153455455,
    0.9163212707847547,
    0.9058151879128377,
    0.8940674222199021,
    0.8979443585037425,
    0.9060195270617297,
    0.9001210419235716,
    0.9020715967105453,
    0.8996812518994519,
    0.8976684375933022,
    0.8937004140228223,
    0.8874126471531619,
    0.8990542072399407,
    0.8939317487607337,
    0.8946342418907555,
    0.8942099555282835,
    0.887281603873915,
    0.8838743358660656,
    0.8904773038663681,
    0.8877351424496644,
    0.8975968440626837,
    0.885887933764488,
    0.8878344411303283,
    0.8859080030659962,
    0.8839029817824151,
    0.8842567615448289,
    0.8800770070902102,
    0.8823973563066714,
    0.8763884340122248,
    0.8808902851335562,
    0.8877759260736453,
    0.8845408266517008,
    0.8850241888100934,
    0.8778290437285308,
    0.8780764128751816,
    0.8760103583335876,
    0.8766717827244169,
    0.8695776629599796,
    0.885378079809201
  ],