{
  "epoch_losses": [
    2.1826021184383984,
    1.8513698493930655,
    1.6108581935855704,
    1.4282819569950373,
    1.3045118140502714,
    1.1886718130447496,
    1.1090686883724912,
    1.0501033008938105,
    0.9886723353829182,
    0.9486159069437377,
    0.9013767511072294,
    0.8738949122563214,
    0.8478599173921935,
    0.8179270793014849,
    0.8103621988229348,
    0.7687950998964445,
    0.7549695481716747,
    0.7396192861274934,
    0.7227229711035608,
    0.7151460643385498,
    0.7074114781030467,
    0.68522767659644,
    0.6841800292612801,
    0.666553793658673,
    0.670410479038534,
    0.6555429940492334,
    0.6508152350573473,
    0.641019837117531,
    0.6277713599339337,
    0.6204309505476079,
    0.6115133863099864,
    0.6241669906696803,
    0.6092451395283283,
    0.5955917121658862,
    0.5992957433344612,
    0.6028088142334576,
    0.5810574981528269,
    0.5911494896445476,
    0.5786407153371355,
    0.5838651766239757,
    0.5728392059534368,
    0.5734528521416893,
    0.5532413104050596,
    0.5582372386690596,
    0.5676042924464588,
    0.5691808311032577,
    0.5643192487703242,
    0.564607409104495,
    0.5525347435138594,
    0.5491452850926091,
    0.5542006299529277,
    0.5373018698793062,
    0.5287594669301745,
    0.528959229378633,
    0.550340109308001,
    0.5445045635733806,
    0.5402924796225319,
    0.5525959835086071,
    0.5320930867127969,
    0.5264048286726777,
    0.5256413985306109,
    0.5233654400832216,
    0.5384222529303859,
    0.5285188992258528,
    0.5422241326788781,
    0.5268865105971484,
    0.5142283028280231,
    0.5188649439475905,
    0.5256528774617424,
    0.52836667861737,
    0.5343511276681658,
    0.5247104340036151,
    0.5285727734297094,
    0.5204204451030409,
    0.5456632829048265,
    0.5122461730325726,
    0.5294331719338055,
    0.5331119408070202,
    0.5236589413293651,
    0.5177833270019209,
    0.5234055502313963,
    0.5136460296704736,
    0.5383406688629742,
    0.5372082041182988,
    0.5078795065342541,
    0.5205376824023018,
    0.5170483589172363,
    0.5048165019129364,
    0.5208841612641241,
    0.5175693081298345,
    0.5174522488050057,
    0.5216338567330804,
    0.5114865407977306,
    0.5139409429590467,
    0.5027164867226507,
    0.50567040686876,
    0.5141430459391902,
    0.5273451162895686,
    0.5062530976785741,
    0.521813281824891
  ],
  "epoch_accs": [
    32.61443661971831,
    67.82570422535211,
    74.55985915492958,
    76.71654929577464,
    77.72887323943662,
    79.31338028169014,
    79.8855633802817,
    79.4894366197183,
    80.19366197183099,
    80.36971830985915,
    80.9419014084507,
    79.97359154929578,
    80.45774647887323,
    81.5580985915493,
    81.42605633802818,
    80.72183098591549,
    80.9419014084507,
    81.60211267605634,
    81.20598591549296,
    81.5580985915493,
    81.07394366197182,
    82.13028169014085,
    81.86619718309859,
    81.29401408450704,
    81.25,
    82.13028169014085,
    81.95422535211267,
    82.30633802816901,
    82.57042253521126,
    82.52640845070422,
    82.7024647887324,
    82.83450704225352,
    83.2306338028169,
    83.31866197183099,
    82.9225352112676,
    82.79049295774648,
    83.53873239436619,
    82.13028169014085,
    83.62676056338029,
    82.79049295774648,
    83.62676056338029,
    82.65845070422536,
    83.49471830985915,
    83.14260563380282,
    82.9225352112676,
    83.05457746478874,
    83.71478873239437,
    83.53873239436619,
    83.2306338028169,
    83.84683098591549,
    83.05457746478874,
    83.62676056338029,
    83.67077464788733,
    84.41901408450704,
    82.9225352112676,
    82.7024647887324,
    84.24295774647888,
    83.0105633802817,
    83.58274647887323,
    84.15492957746478,
    84.0669014084507,
    84.41901408450704,
    83.89084507042253,
    84.02288732394366,
    83.45070422535211,
    83.89084507042253,
    84.375,
    83.84683098591549,
    84.28697183098592,
    83.31866197183099,
    83.2306338028169,
    84.41901408450704,
    82.9225352112676,
    83.71478873239437,
    82.48239436619718,
    84.85915492957747,
    83.71478873239437,
    83.31866197183099,
    83.05457746478874,
    84.41901408450704,
    84.85915492957747,
    84.33098591549296,
    82.65845070422536,
    83.40669014084507,
    84.15492957746478,
    83.97887323943662,
    83.75880281690141,
    84.81514084507042,
    84.11091549295774,
    84.0669014084507,
    84.0669014084507,
    83.80281690140845,
    84.55105633802818,
    83.75880281690141,
    84.28697183098592,
    84.72711267605634,
    84.63908450704226,
    83.53873239436619,
    84.28697183098592,
    84.50704225352112
  ],
  "epoch_val_losses": [
    1.9547604132609762,
    1.629242575851975,
    1.4244665044128515,
    1.2828960411108223,
    1.1341844220070323,
    1.031306660858689,
    0.9760657659002171,
    0.9306744769879967,
    0.8808350973068528,
    0.8566437883741537,
    0.8155074580839485,
    0.7699575477344974,
    0.7794339189863508,
    0.7473458112425105,
    0.6922701295394047,
    0.697952751710916,
    0.6794347567543103,
    0.6785865481112413,
    0.6644422252466724,
    0.6509165751516439,
    0.636084786456102,
    0.6393397573832493,
    0.6149222884967829,
    0.61578623827096,
    0.5990957724060982,
    0.5917561523094299,
    0.602699317180427,
    0.574484372594554,
    0.5869976221376164,
    0.5808321121771625,
    0.5709167126637356,
    0.5707765304169078,
    0.5592191910288137,
    0.5483726160541461,
    0.5452032095877228,
    0.554710910768266,
    0.5492857816113028,
    0.5390684091171641,
    0.5374767922671737,
    0.5400543571657436,
    0.5359361595029284,
    0.5301349126988915,
    0.5276670979846055,
    0.5322561918929883,
    0.5227135867829535,
    0.5260296429798101,
    0.5146308245172926,
    0.510483140588566,
    0.517415950727311,
    0.5183587356167993,
    0.5155159715254596,
    0.5233867939110775,
    0.5161342734743835,
    0.5089133201511042,
    0.5056588304270605,
    0.506745262890105,
    0.5063436839990555,
    0.4999938674603298,
    0.4984117249964149,
    0.5042317951940427,
    0.5114811796481442,
    0.503256431430768,
    0.4915853860271964,
    0.5053552220201796,
    0.5036888636980846,
    0.4956957000266215,
    0.5062986940714964,
    0.4903901519289442,
    0.49704548298932943,
    0.49497085866654755,
    0.5005742134941611,
    0.4956635851768931,
    0.48914481894036005,
    0.48942298295011943,
    0.49191303987791585,
    0.4888785498537076,
    0.4944372741849559,
    0.49698349368420375,
    0.4905169857725216,
    0.4944433785358052,
    0.49694089695906185,
    0.5127377417057183,
    0.4949075442970179,
    0.49430478416430723,
    0.5034573756775279,
    0.4911886378648175,
    0.49547584525718813,
    0.49356196896665416,
    0.4988306908850457,
    0.4904093194729204,
    0.4885857396634521,
    0.48646323487257503,
    0.49760017444373694,
    0.5010513620581597,
    0.490721787237058,
    0.4951090349513254,
    0.5014666055038477,
    0.4905907452865771,
    0.4827802059756722,
    0.4998043865724734
  ],