{
  "epoch_losses": [
    2.0140553797390446,
    1.5165647860114455,
    1.242212456168858,
    1.07752263334626,
    0.9692088851691983,
    0.8961000163504418,
    0.8323065025586609,
    0.7859274241941195,
    0.7578914727725036,
    0.7250953608370841,
    0.694836769543641,
    0.6754232786648663,
    0.6617448771676273,
    0.6470202302679102,
    0.626678725717761,
    0.6205361963163877,
    0.6062043839735343,
    0.5947197096567627,
    0.5953756517975043,
    0.5775195432047472,
    0.5660233404619474,
    0.5643010302215603,
    0.5542196191794483,
    0.5519100734105347,
    0.544754793880679,
    0.5415445849405113,
    0.530490145827016,
    0.5328425053797715,
    0.5295860579250552,
    0.5224717036418035,
    0.5242190020726928,
    0.5177405636149941,
    0.5086317454458128,
    0.5115507682587238,
    0.5075579788667935,
    0.4982768950310159,
    0.49938965308750777,
    0.4945194573267132,
    0.49905082076153856,
    0.4918738543353182,
    0.48862005336910275,
    0.48183805860103446,
    0.4885625188232314,
    0.4823388778571541,
    0.48092734655167196,
    0.47386815171715213,
    0.4767854687169934,
    0.47741712418431087,
    0.4697973994498557,
    0.47184009353319806,
    0.47407537022380963,
    0.47584778472041406,
    0.47630239515862566,
    0.47385416681884873,
    0.4637765680433165,
    0.46536404665903,
    0.4679894004519104,
    0.4614095619172915,
    0.46445234045914724,
    0.46562562343922065,
    0.45554229120413464,
    0.45586684694949614,
    0.46002207865529027,
    0.45210515945515733,
    0.44833122996996483,
    0.44650492589947177,
    0.4569901275507947,
    0.4525311407467998,
    0.44263417025407154,
    0.45935225222550385,
    0.4395255445377201,
    0.4551564337725335,
    0.4512300013650394,
    0.4488239862183307,
    0.44967778872513603,
    0.4486260809374194,
    0.4480255775629206,
    0.44485349710106004,
    0.44528128143320694,
    0.4515762782477318,
    0.44267031148815833,
    0.45260398216704106,
    0.4533886735109573,
    0.4477863623529461,
    0.45822920697800656,
    0.44152947689624544,
    0.4500348644053682,
    0.44601582170378234,
    0.4509517663548179,
    0.4478217455300879,
    0.4448073169229724,
    0.45056229713538015,
    0.45504473498527037,
    0.448452964002359,
    0.45005310363803347,
    0.4410802188283163,
    0.4399231951287452,
    0.44710871017148307,
    0.4437738538633847,
    0.4405649705981532
  ],
  "epoch_accs": [
    48.980496453900706,
    76.08599290780141,
    78.90070921985816,
    79.65425531914893,
    80.20833333333333,
    80.23049645390071,
    80.93971631205673,
    81.58244680851064,
    80.80673758865248,
    81.38297872340425,
    81.84840425531915,
    81.47163120567376,
    82.09219858156028,
    81.87056737588652,
    82.73492907801419,
    82.60195035460993,
    82.26950354609929,
    82.82358156028369,
    82.38031914893617,
    83.2668439716312,
    83.39982269503547,
    82.82358156028369,
    83.35549645390071,
    83.62145390070921,
    83.51063829787235,
    83.84308510638297,
    83.46631205673759,
    83.95390070921985,
    83.59929078014184,
    83.86524822695036,
    83.86524822695036,
    83.55496453900709,
    83.66578014184397,
    84.17553191489361,
    84.72960992907801,
    84.33067375886525,
    84.33067375886525,
    84.08687943262412,
    84.21985815602837,
    84.53014184397163,
    84.552304964539,
    84.61879432624113,
    84.57446808510639,
    84.53014184397163,
    84.552304964539,
    84.552304964539,
    84.57446808510639,
    85.01773049645391,
    84.44148936170212,
    84.7517730496454,
    84.61879432624113,
    84.552304964539,
    84.57446808510639,
    85.15070921985816,
    84.30851063829788,
    84.97340425531915,
    84.9290780141844,
    84.95124113475177,
    85.23936170212765,
    85.1063829787234,
    84.95124113475177,
    85.30585106382979,
    85.28368794326241,
    84.99556737588652,
    85.03989361702128,
    85.68262411347517,
    85.06205673758865,
    85.35017730496453,
    85.43882978723404,
    85.17287234042553,
    85.57180851063829,
    85.23936170212765,
    85.41666666666667,
    85.17287234042553,
    84.95124113475177,
    85.15070921985816,
    84.53014184397163,
    85.63829787234043,
    85.54964539007092,
    85.19503546099291,
    85.46099290780141,
    85.1063829787234,
    85.32801418439716,
    85.41666666666667,
    84.64095744680851,
    85.50531914893617,
    84.97340425531915,
    85.30585106382979,
    84.81826241134752,
    85.26152482269504,
    84.99556737588652,
    85.1063829787234,
    84.9290780141844,
    85.79343971631205,
    85.52748226950355,
    85.72695035460993,
    85.90425531914893,
    85.81560283687944,
    85.52748226950355,
    85.43882978723404
  ],
  "epoch_val_losses": [
    1.6753251560174736,
    1.2926364355026536,
    1.0730706700094186,
    0.9485015834972357,
    0.8491980395499309,
    0.7756413316271108,
    0.7484475201482226,
    0.7069683298943149,
    0.6814591358801362,
    0.6494802859178774,
    0.6255803884594304,
    0.6136917139694189,
    0.5945091388028139,
    0.5833110186704404,
    0.5621352354242544,
    0.5770350509578255,
    0.5499404093642144,
    0.5431033450706749,
    0.5407828980950034,
    0.5276913835079806,
    0.5202222884080971,
    0.5121731495211839,
    0.5196509592852016,
    0.49935457404631717,
    0.501262086496991,
    0.5057788246376499,
    0.4995244880011127,
    0.49796684190725826,
    0.48672040689523055,
    0.48212879260254515,
    0.4769106542418717,
    0.4817422021915958,
    0.4737596889590002,
    0.47388969893288463,
    0.4709424282524996,
    0.47671366193491943,
    0.4718980944840012,
    0.4608160727153158,
    0.4686048080207436,
    0.46585166900400904,
    0.45652117376114915,
    0.4570239035377077,
    0.4504394778020822,
    0.45597558311975683,
    0.46039359613209013,
    0.4508320917938925,
    0.4459701366485304,
    0.4527401125924602,
    0.45008944743757795,
    0.44885199108890667,
    0.4525796622987006,
    0.4568890745093109,
    0.4413631019793498,
    0.4422166025752475,
    0.44320606217262853,
    0.44327595099142403,
    0.4467721628914973,
    0.44627509232918927,
    0.43872749084120344,
    0.4371603191088719,
    0.44312408481054244,
    0.43543753587895895,
    0.4421011891904151,
    0.4360036336502452,
    0.440923758373139,
    0.43366066309486984,
    0.43685519961035174,
    0.4335312987588773,
    0.43754876684990657,
    0.4360202127581189,
    0.43255697902600476,
    0.43750364603889974,
    0.432203229267601,
    0.4345758488033987,
    0.4378512614661721,
    0.4335626694047527,
    0.4426872872622909,
    0.43789282744857155,
    0.4280056944888109,
    0.439478331215822,
    0.4385154365923754,
    0.4478656447427288,
    0.43377684184889886,
    0.43606898786535686,
    0.43571296040039914,
    0.4290466104533262,
    0.4349456972377315,
    0.43560866641390855,
    0.4398310774830496,
    0.4366854527953324,
    0.4282898973127839,
    0.43280294698894406,
    0.43410127538784293,
    0.4413589066380908,
    0.44142175195323435,
    0.4312502994516473,
    0.43638676291058776,
    0.43487165811335204,
    0.4227279828042741,
    0.437179428566793
  ],