{
  "epoch_losses": [
    1.0846187946172834,
    0.6360387889815292,
    0.5530517345721957,
    0.5173322708367794,
    0.4953226397964407,
    0.4776599605454565,
    0.46631283044560884,
    0.4530782024637553,
    0.44430283320420333,
    0.43685266980272536,
    0.43053364627693425,
    0.42409474320587914,
    0.41944977140163986,
    0.4129920993225322,
    0.4098880404411857,
    0.4035492825620379,
    0.4035629952735484,
    0.39589551299302056,
    0.39535230114875997,
    0.39240938318097685,
    0.39118221618219223,
    0.3901911308590452,
    0.38663298614963876,
    0.38211198982484135,
    0.3805360971091483,
    0.38271938025019403,
    0.3740064137705947,
    0.3733433228947206,
    0.3742146143039745,
    0.3669692295594849,
    0.3680582670620679,
    0.36449203452766576,
    0.3658062458070102,
    0.36318262889928316,
    0.36169399239001077,
    0.3610343155719197,
    0.35862205431987904,
    0.3566652421112084,
    0.35540118775917606,
    0.352301704688706,
    0.3513099367080975,
    0.3522348314756693,
    0.34789789990702674,
    0.34870123355129806,
    0.3481905886369897,
    0.3483128258250204,
    0.3475449146569178,
    0.3413557844764706,
    0.3435446317992739,
    0.342385178795925,
    0.341075718958876,
    0.3455818607481812,
    0.3428725799772023,
    0.339514008860217,
    0.3411347052345864,
    0.33881012459405363,
    0.3376964497080108,
    0.3386721111669893,
    0.3332808276250503,
    0.3316881281522969,
    0.33215618169023875,
    0.3311047965280749,
    0.33464438200272306,
    0.32885141925411016,
    0.3309402271586271,
    0.330677566706986,
    0.333188509159505,
    0.3303129083365096,
    0.3291939913765835,
    0.3297176276569936,
    0.33040601741085684,
    0.3310816601797801,
    0.32863908696869376,
    0.3316216908908941,
    0.32799973283241046,
    0.32900250507697365,
    0.32935596964909153,
    0.32955118392110294,
    0.32614858501459065,
    0.3306195500472927,
    0.32629389783953977,
    0.327312738283166,
    0.32421598954135505,
    0.3284580598306639,
    0.329385898626054,
    0.32407901709331377,
    0.32740392337878205,
    0.3276019926105481,
    0.3285149851629898,
    0.32593013827279266,
    0.3266031621891129,
    0.3244288124848361,
    0.32202734792103305,
    0.3258623768917703,
    0.32779559607444797,
    0.3274316683824637,
    0.3265803056003231,
    0.3252285534083081,
    0.3257836088453444,
    0.32601361426272624
  ],
  "epoch_accs": [
    76.7635039090263,
    81.81414356787491,
    82.87802061122957,
    83.33777540867094,
    83.62428926794598,
    84.09070717839374,
    84.33502132196162,
    84.9769012082445,
    84.91471215351812,
    85.1568052594172,
    85.159026297086,
    85.60989694385216,
    85.64321250888415,
    85.75648542999289,
    86.08519900497512,
    86.14960909737029,
    86.18514570007108,
    86.42501776830134,
    86.3339552238806,
    86.46943852167733,
    86.51608031272211,
    86.54717484008529,
    86.66488983653163,
    86.73596304193319,
    86.95584577114428,
    86.83590973702914,
    86.99360341151386,
    87.01359275053305,
    86.97361407249467,
    87.45780028429282,
    87.20238095238095,
    87.36895877754087,
    87.35785358919688,
    87.40671641791045,
    87.34674840085287,
    87.42004264392324,
    87.58884150675195,
    87.6932302771855,
    87.75764036958067,
    87.79095593461265,
    87.93754442075337,
    87.63992537313433,
    87.93532338308458,
    87.82205046197583,
    87.85536602700782,
    87.85980810234541,
    87.86647121535181,
    88.05748045486851,
    88.13077469793888,
    88.06192253020612,
    87.97085998578535,
    88.0907960199005,
    87.91755508173419,
    88.11078535891968,
    88.12633262260128,
    88.06192253020612,
    88.18852167732764,
    88.18630063965885,
    88.38841506751955,
    88.60607675906184,
    88.49280383795309,
    88.45060412224592,
    88.35509950248756,
    88.49946695095949,
    88.35065742714997,
    88.49280383795309,
    88.45504619758351,
    88.55499289267946,
    88.61940298507463,
    88.54388770433546,
    88.33288912579957,
    88.32622601279317,
    88.6682658137882,
    88.32178393745558,
    88.49280383795309,
    88.75044420753376,
    88.40174129353234,
    88.48391968727789,
    88.63495024875621,
    88.43949893390192,
    88.76821250888415,
    88.57276119402985,
    88.57498223169866,
    88.4661513859275,
    88.62384506041222,
    88.6771499644634,
    88.57720326936744,
    88.51501421464108,
    88.60385572139303,
    88.63272921108742,
    88.55055081734186,
    88.60607675906184,
    88.6549395877754,
    88.44394100923952,
    88.57498223169866,
    88.6660447761194,
    88.62606609808103,
    88.71268656716418,
    88.670486851457,
    88.60385572139303
  ],
  "epoch_val_losses": [
    0.6650614077877847,
    0.5243526182736561,
    0.4716610371307203,
    0.4461561300951964,
    0.4346799048933254,
    0.4207329672233314,
    0.4129586019523584,
    0.40102240063582256,
    0.3931644123261142,
    0.38820745411572183,
    0.3781613904009959,
    0.3775479526371713,
    0.38341809272955935,
    0.3756413290834731,
    0.3642866787067644,
    0.37302761325600803,
    0.36756040554517394,
    0.36240780918271676,
    0.3651079073263581,
    0.3639700155835717,
    0.35235268589417645,
    0.3596249714873399,
    0.3608564538465943,
    0.34814005696279987,
    0.34751156390092935,
    0.3554911293136846,
    0.35488895250923314,
    0.3536071750768431,
    0.3430493059716407,
    0.35418705471382017,
    0.3502491966459402,
    0.3488989924644209,
    0.34527897474112784,
    0.34407981603768223,
    0.3467420945121984,
    0.34990366764224257,
    0.34740443091103984,
    0.3371037457162028,
    0.3461921445218621,
    0.3407252878187948,
    0.33653644230335383,
    0.3376759798473613,
    0.33285690768129506,
    0.3285974116319684,
    0.343623418716868,
    0.3327550583869029,
    0.3305909235481244,
    0.3279637410097821,
    0.33309073675020484,
    0.34155709346293645,
    0.33840249198827016,
    0.33979699568478927,
    0.32922603232655556,
    0.33079279100249526,
    0.3312269823661276,
    0.3292596990562928,
    0.3286949505756615,
    0.33545019055248065,
    0.3293547523059663,
    0.32646761084817777,
    0.32431398987010784,
    0.31993867390474695,
    0.3256646225786513,
    0.3297332301735878,
    0.33467011334030494,
    0.3151943510884692,
    0.33047790431482776,
    0.32423704077199006,
    0.32178215459463705,
    0.3281892869787611,
    0.3247428007993349,
    0.33005246363437857,
    0.3232225536422175,
    0.32564664034137303,
    0.32832155509549343,
    0.3219094155415608,
    0.3315702875613407,
    0.32693281670095053,
    0.32130522399571293,
    0.33074593520278384,
    0.3238648891828622,
    0.33356260088313916,
    0.3235717967484787,
    0.32873209665535363,
    0.3302100066356598,
    0.32829982910756095,
    0.33332239542227643,
    0.3261229048726285,
    0.3378335282586183,
    0.3249348057730562,
    0.3250469250758742,
    0.3249748399018482,
    0.33109925938829493,
    0.33082856147722073,
    0.3343442951085841,
    0.320954443305541,
    0.3286937194265378,
    0.3291040284286259,
    0.3194707025103508,
    0.33133175148136296
  ],