{
  "epoch_losses": [
    1.1442895240621018,
    0.6624557199678103,
    0.560877356289038,
    0.5141275964078957,
    0.48160530036340476,
    0.45825922230752375,
    0.4446698932378277,
    0.42621396470341005,
    0.4157848773681702,
    0.40378732172283793,
    0.3923451666956517,
    0.38578105676064023,
    0.380120149675251,
    0.3715280970265955,
    0.36723080428360877,
    0.3567203956033291,
    0.3565949738163345,
    0.3480918470772768,
    0.3462273555635008,
    0.3418925128580622,
    0.3377965544036033,
    0.33655358970631244,
    0.32953731775119655,
    0.32700623035981624,
    0.32332210944913853,
    0.3236606533386941,
    0.31534391607726475,
    0.31143112853434207,
    0.3120814469227913,
    0.30746837026772555,
    0.3068949772837997,
    0.3016217189345194,
    0.3008822427682616,
    0.297011034410942,
    0.29632039330820287,
    0.29582258553244833,
    0.2919987913144338,
    0.2884691211910602,
    0.2856874987377117,
    0.28516033910315514,
    0.2841284078623313,
    0.28123696968515416,
    0.27941353402253405,
    0.28222554809577344,
    0.27822866288954345,
    0.2759784608179149,
    0.275541484861634,
    0.2707483010987441,
    0.2715913318137307,
    0.2700305924709164,
    0.2713897433251079,
    0.2715483951251941,
    0.26716731500619256,
    0.2649103038306874,
    0.2676327541462585,
    0.26537107863723597,
    0.26380420115186587,
    0.2644583576709011,
    0.25955679698820094,
    0.2569858937258829,
    0.2562427611196812,
    0.25768007263779513,
    0.25913618173511127,
    0.2536147180481337,
    0.2567251693608283,
    0.2559665079164374,
    0.2581544836192751,
    0.25434797154190103,
    0.25526615736877656,
    0.25348637110733063,
    0.25203703491211826,
    0.25543157965760327,
    0.25348044616417126,
    0.2564018857377424,
    0.25301179329135903,
    0.2523360285145451,
    0.2533497531986355,
    0.25105549855516496,
    0.24808989275397778,
    0.25253530273342395,
    0.24893972982189802,
    0.24992437815318821,
    0.2486809408762138,
    0.2507730369888347,
    0.25114682465050353,
    0.24433611857479104,
    0.24943203108905476,
    0.2505554414268877,
    0.2514495691714786,
    0.24620306794746769,
    0.2513759844997989,
    0.2474657445060461,
    0.24448587944136713,
    0.24783878106764215,
    0.2506358755253356,
    0.2516630779297833,
    0.24920316144040314,
    0.25056016684510474,
    0.24831234948350847,
    0.2479102591022203
  ],
  "epoch_accs": [
    74.15378464818764,
    81.12117981520967,
    82.55152807391613,
    83.45993248045487,
    84.15955934612651,
    84.75923951670221,
    85.15458422174841,
    85.80534825870647,
    86.07853589196873,
    86.1540511727079,
    86.7226368159204,
    86.77372068230277,
    86.98471926083866,
    87.25568585643212,
    87.58439943141435,
    87.8797974413646,
    87.87091329068942,
    88.21517412935323,
    88.10856432125088,
    88.36842572850036,
    88.27070007107321,
    88.53722459132906,
    88.62384506041222,
    88.6838130774698,
    88.87926439232409,
    88.81707533759773,
    89.14800995024876,
    89.29681947405828,
    89.2657249466951,
    89.47894456289978,
    89.35234541577825,
    89.55668088130774,
    89.55445984363895,
    89.92759417199716,
    89.69660625444207,
    89.840973702914,
    89.98978322672353,
    90.09195095948827,
    90.27851812366738,
    90.18523454157783,
    90.20300284292821,
    90.2452025586354,
    90.37180170575692,
    90.28073916133617,
    90.4295486851457,
    90.58724235963042,
    90.48951670220328,
    90.70717839374556,
    90.58502132196162,
    90.70273631840796,
    90.53615849324805,
    90.6205579246624,
    90.64943141435678,
    90.80268301350391,
    90.74049395877753,
    90.94705046197583,
    90.8359985785359,
    90.8004619758351,
    90.95371357498223,
    91.13583866382373,
    91.17581734186211,
    90.98925017768302,
    90.95371357498223,
    91.24244847192608,
    91.18470149253731,
    91.18692253020612,
    91.12695451314855,
    91.2135749822317,
    91.13583866382373,
    91.18914356787491,
    91.13583866382373,
    91.23800639658849,
    91.32240582800284,
    91.07587064676616,
    91.17137526652452,
    91.32684790334044,
    91.2135749822317,
    91.35127931769723,
    91.45788912579957,
    91.19358564321251,
    91.4156894100924,
    91.33573205401564,
    91.19136460554371,
    91.30907960199005,
    91.32240582800284,
    91.42679459843639,
    91.34683724235963,
    91.28909026297086,
    91.27798507462687,
    91.2046908315565,
    91.17803837953092,
    91.46233120113718,
    91.61780383795309,
    91.4134683724236,
    91.31130063965885,
    91.18248045486851,
    91.28909026297086,
    91.22245913290689,
    91.44678393745558,
    91.34239516702203
  ],
  "epoch_val_losses": [
    0.7095723267953107,
    0.5282849870669614,
    0.4653229916551311,
    0.42676453349316956,
    0.4115573695510816,
    0.39065363614042853,
    0.3789131630947635,
    0.36712569501369624,
    0.35587521357710955,
    0.35550949883878613,
    0.3396581752569812,
    0.3345649164098843,
    0.336802606417495,
    0.3319183447558409,
    0.32067143018980315,
    0.32426978115609306,
    0.32075277454913803,
    0.31462871254819214,
    0.3115071089356948,
    0.3094708055916248,
    0.29532716698517464,
    0.30813951757113645,
    0.30562032602585043,
    0.29400323900827174,
    0.29313751727722254,
    0.2996267269656157,
    0.28965822260850554,
    0.29642906775520106,
    0.291519024237326,
    0.2947251486835206,
    0.28894286029705196,
    0.28201548316201586,
    0.28762579213377015,
    0.28248815288304524,
    0.28707948607054484,
    0.29000177848965497,
    0.28574311204112257,
    0.27912305435462365,
    0.2859345690175227,
    0.2798605524952624,
    0.27728305199438597,
    0.2726393632448403,
    0.26859911066141856,
    0.26795006653732933,
    0.27909624643006903,
    0.2699278877324359,
    0.27137308527424836,
    0.2676390554684742,
    0.2689318578144547,
    0.26962697788313694,
    0.27125850614089114,
    0.265681015861452,
    0.2662423983406109,
    0.2688347585262007,
    0.2672438643588002,
    0.26740500437700826,
    0.2606565153855047,
    0.267824144761084,
    0.2636344120096249,
    0.26207708007400965,
    0.2591972430444257,
    0.25843230312227444,
    0.2623342072745417,
    0.2628693463174021,
    0.27060565179225743,
    0.2527921828352342,
    0.26601148448931944,
    0.2585157478453627,
    0.2567945999467069,
    0.2638961934027778,
    0.264459903073159,
    0.2623186443760327,
    0.2630129361548906,
    0.26317062561109567,
    0.2606651310803025,
    0.26083887349458257,
    0.25968603276095953,
    0.2589933234889796,
    0.2611045384435517,
    0.2602343460200888,
    0.2610909346087723,
    0.26284248839802804,
    0.2543681556608077,
    0.26169442176629026,
    0.2647038312023802,
    0.26222244251495713,
    0.2644109788831252,
    0.2571294172222068,
    0.26942491189689394,
    0.2569222923629223,
    0.2578867931559587,
    0.2543002857239383,
    0.25665987790769834,
    0.2589067529388674,
    0.2609827611239473,
    0.2550389321497197,
    0.26001394269572703,
    0.2535895151649691,
    0.2590724573630816,
    0.2557899828074844
  ],