{
  "epoch_losses": [
    2.1897646759597347,
    1.8878560435604042,
    1.6673827624656785,
    1.4961357284599626,
    1.3808537184352605,
    1.2632675154108397,
    1.1838774194180126,
    1.1228020115637443,
    1.060851578141602,
    1.0224831775880197,
    0.9689264658471228,
    0.9381589058419348,
    0.9042544944185607,
    0.876044684732464,
    0.8741998454214821,
    0.8208203936966372,
    0.8055534362792969,
    0.7959138675474785,
    0.76548029419402,
    0.7546048537946083,
    0.757884552781011,
    0.7175700337114469,
    0.7181418227477813,
    0.7010432712628808,
    0.6956320526734204,
    0.6886512246769918,
    0.6780979679503911,
    0.6671020611071251,
    0.6511285519096214,
    0.6466548505803229,
    0.6323238031964906,
    0.6443101150888793,
    0.6312297423120955,
    0.6184099241041802,
    0.6183281532475646,
    0.6115567277015095,
    0.6045171467351241,
    0.6031956038844417,
    0.5958077017690094,
    0.5965356377648635,
    0.5852055620979255,
    0.579958889685886,
    0.568708598613739,
    0.5715768097991675,
    0.574408234844745,
    0.5749784074199031,
    0.5675092284948053,
    0.5708385689157836,
    0.5495619673124501,
    0.5554970578408577,
    0.5520248089877653,
    0.5396916929265143,
    0.5295294997557788,
    0.534473225264482,
    0.5578589573712416,
    0.5509445129985541,
    0.5470020389053184,
    0.5597074669851384,
    0.53451085006687,
    0.5381403917997656,
    0.5236108026034395,
    0.5174684872929479,
    0.5333457887172699,
    0.5209170882131012,
    0.5362399014788615,
    0.5193909075058681,
    0.509817125931592,
    0.5159567351072607,
    0.5254234457519692,
    0.5203669230702898,
    0.531756171458204,
    0.5225654769111687,
    0.5200320444476436,
    0.5177421955995156,
    0.5397762324608547,
    0.508062933952036,
    0.5195921365643891,
    0.5226586368721975,
    0.5135403934498908,
    0.5104472842854513,
    0.5247841531961737,
    0.5067527587984649,
    0.5219721928448744,
    0.5267847381847005,
    0.5032960134492793,
    0.5241169001854641,
    0.5053430703324331,
    0.49913671192988546,
    0.5124225066581243,
    0.5170676834146741,
    0.5076150262439755,
    0.515198289508551,
    0.5091595691694341,
    0.5086596608161926,
    0.4968619157730694,
    0.4988892200127454,
    0.5106546555606413,
    0.524282737517021,
    0.5024876947134314,
    0.5207529609471979
  ],
  "epoch_accs": [
    28.433098591549296,
    60.82746478873239,
    69.58626760563381,
    73.8556338028169,
    74.07570422535211,
    76.3644366197183,
    77.72887323943662,
    76.6725352112676,
    78.52112676056338,
    77.59683098591549,
    78.34507042253522,
    79.22535211267606,
    79.18133802816901,
    79.13732394366197,
    78.65316901408451,
    79.75352112676056,
    79.31338028169014,
    80.14964788732394,
    80.63380281690141,
    80.36971830985915,
    79.70950704225352,
    80.54577464788733,
    80.23767605633803,
    80.76584507042253,
    80.19366197183099,
    80.85387323943662,
    81.11795774647888,
    81.99823943661971,
    81.33802816901408,
    81.42605633802818,
    82.6144366197183,
    81.86619718309859,
    81.91021126760563,
    83.09859154929578,
    81.60211267605634,
    81.73415492957747,
    82.52640845070422,
    81.95422535211267,
    83.49471830985915,
    82.65845070422536,
    83.18661971830986,
    82.9225352112676,
    83.58274647887323,
    83.09859154929578,
    83.09859154929578,
    82.26232394366197,
    83.18661971830986,
    83.49471830985915,
    83.97887323943662,
    83.62676056338029,
    83.09859154929578,
    83.93485915492958,
    83.58274647887323,
    83.45070422535211,
    82.7024647887324,
    83.49471830985915,
    83.40669014084507,
    82.65845070422536,
    84.02288732394366,
    84.15492957746478,
    84.11091549295774,
    84.77112676056338,
    83.89084507042253,
    83.80281690140845,
    84.19894366197182,
    84.15492957746478,
    83.89084507042253,
    84.63908450704226,
    83.75880281690141,
    83.53873239436619,
    83.45070422535211,
    83.80281690140845,
    83.09859154929578,
    83.62676056338029,
    83.62676056338029,
    84.41901408450704,
    84.28697183098592,
    84.15492957746478,
    83.80281690140845,
    84.50704225352112,
    84.85915492957747,
    84.0669014084507,
    83.53873239436619,
    83.89084507042253,
    84.50704225352112,
    83.58274647887323,
    84.0669014084507,
    85.07922535211267,
    83.62676056338029,
    84.19894366197182,
    84.375,
    83.93485915492958,
    85.07922535211267,
    83.97887323943662,
    84.94718309859155,
    84.99119718309859,
    84.50704225352112,
    83.84683098591549,
    84.99119718309859,
    84.99119718309859
  ],
  "epoch_val_losses": [
    1.9816911182585795,
    1.6730601149759474,
    1.4754641276256295,
    1.359959907592482,
    1.2155181366926546,
    1.1105938667704345,
    1.0478354901265188,
    1.0006008068467402,
    0.955698257039307,
    0.9419624475157184,
    0.8850292388800602,
    0.8293698543955565,
    0.8438507622214639,
    0.8023449391316456,
    0.7477397197371076,
    0.7405856885727803,
    0.7249433931651389,
    0.7271631225279183,
    0.6990836395579538,
    0.6841245413206185,
    0.6704353786957492,
    0.6712884331584736,
    0.6540917251140449,
    0.6407217920585803,
    0.6340654963141035,
    0.6203379794290871,
    0.6365987561690579,
    0.6067221766444528,
    0.6177112689823102,
    0.6072241272895958,
    0.5938177093578751,
    0.5958977110066991,
    0.5818075188405955,
    0.570856912120892,
    0.574243794201286,
    0.5802868221216141,
    0.5668351006735662,
    0.5501855651664126,
    0.5515972104421847,
    0.5504449262360859,
    0.550878889621443,
    0.541922485847382,
    0.5445924463925088,
    0.550203091969156,
    0.5417996593721354,
    0.5415504627926334,
    0.5255213867706857,
    0.5293317217925552,
    0.5286609175478577,
    0.5283091353003386,
    0.5255681602818192,
    0.5236774830112032,
    0.520879768641891,
    0.5204990633354065,
    0.5217144488339212,
    0.5131302825204885,
    0.5105170712918993,
    0.51214290168255,
    0.5004811970291624,
    0.5154962778850726,
    0.5179816715087101,
    0.5065329115671716,
    0.5081611203539903,
    0.5152752907223003,
    0.5027399067855944,
    0.49907422483347025,
    0.5098364738522062,
    0.5010465810633009,
    0.5014296195879104,
    0.5019644035655222,
    0.5070903090534696,
    0.5041574499789317,
    0.49445850938368757,
    0.4931253388429144,
    0.49680200627275334,
    0.49461912662739965,
    0.4954839541464095,
    0.5014878005548647,
    0.490926690257279,
    0.4954224827752751,
    0.5012009476020838,
    0.5101422607708889,
    0.49708858360150815,
    0.5033041396338469,
    0.5042373759161894,
    0.49368591758475944,
    0.5001310795355755,
    0.5006845873442425,
    0.5039876672872312,
    0.4985922510456887,
    0.49465786006040635,
    0.4854128198449019,
    0.50502963297686,
    0.4986284152147876,
    0.4878685518055205,
    0.4930518958598945,
    0.4973370365466282,
    0.4973836403553653,
    0.4884897288243482,
    0.5001039873262879
  ],