{
  "epoch_losses": [
    2.317493268421718,
    2.2591866084507535,
    2.1821211917059764,
    2.1049438885280063,
    2.031935453414917,
    1.9654860666819982,
    1.9150863545281547,
    1.860089259488242,
    1.796074731009347,
    1.7536437341145106,
    1.7020693932260786,
    1.6589778661727905,
    1.6284344792366028,
    1.5833552479743958,
    1.5511677946363176,
    1.5193235959325517,
    1.491126435143607,
    1.46841904095241,
    1.4217994894300188,
    1.4028762664113725,
    1.3812719328062875,
    1.3543674434934343,
    1.3419557639530726,
    1.314943594591958,
    1.3019342848232813,
    1.265227505138942,
    1.2530098387173243,
    1.2233675718307495,
    1.2415416410991125,
    1.2073079092161996,
    1.2015291707856315,
    1.184417154107775,
    1.1791659338133675,
    1.154372581413814,
    1.1301993216787065,
    1.1181277249540602,
    1.131052894251687,
    1.1364546077592033,
    1.1048709452152252,
    1.0857347548007965,
    1.0788840098040444,
    1.0537414933953966,
    1.0636942046029227,
    1.0391776008265359,
    1.0362985219274248,
    1.0211825711386544,
    1.0250518790313177,
    1.0494384978498732,
    1.0148818450314658,
    1.0151767773287637,
    1.0068373765264238,
    1.0035993797438485,
    0.9996611092771802,
    0.9882152165685382,
    0.9932347536087036,
    1.001837168421064,
    1.0003137375627245,
    0.9743986896106175,
    0.9600365672792707,
    0.9975818693637848,
    0.9665923842361995,
    0.9656937335218702,
    0.958756297826767,
    0.9506840024675641,
    0.9628494467054095,
    0.9599866569042206,
    0.9550077830042157,
    0.9381200245448521,
    0.9645001547677177,
    0.9382046035357884,
    0.9475855997630528,
    0.940585549388613,
    0.9386743349688393,
    0.9300614936011178,
    0.9180673914296287,
    0.9318323092801231,
    0.9351569328989301,
    0.9317457505634853,
    0.9403217434883118,
    0.9182668626308441,
    0.9223678154604775,
    0.90647440297263,
    0.9297666932855334,
    0.9224939942359924,
    0.9227818378380367,
    0.9284721612930298,
    0.9188920046601977,
    0.9363493238176618,
    0.9349337645939418,
    0.9187358490058354,
    0.938507582460131,
    0.9045004078320095,
    0.9225974295820508,
    0.9238411145550864,
    0.9155860756124768,
    0.930455139705113,
    0.9079625521387372,
    0.9194411720548358,
    0.9216702452727726,
    0.927691923720496
  ],
  "epoch_accs": [
    11.029864528349467,
    16.16379309977804,
    32.912561510290416,
    41.64100970540728,
    51.23922399112156,
    55.92672399112156,
    60.21397794995989,
    64.94766005447933,
    65.61730291162219,
    70.59729056698936,
    72.00584965092796,
    72.06742593220302,
    72.31373148305076,
    73.18349736077445,
    74.83836199556079,
    75.75431040355137,
    73.02955644471305,
    74.79217989104134,
    76.44704410008022,
    77.64778307506016,
    78.47906393664223,
    76.69334965092796,
    75.86206878934588,
    78.2327583857945,
    77.33990124293736,
    80.1493227481842,
    78.25584965092796,
    79.27955644471305,
    77.49384215899876,
    79.59513536521366,
    79.9953818321228,
    77.5862067937851,
    79.3026477098465,
    78.60991358757019,
    79.77216754640851,
    80.6419334241322,
    80.6419334241322,
    79.0794334241322,
    79.77216754640851,
    79.54895326069423,
    77.76323897497994,
    79.7952583857945,
    80.7112067937851,
    82.47382981436593,
    80.19550485270364,
    80.4879925080708,
    79.4565886259079,
    78.67918695722308,
    79.1487067937851,
    77.78632981436593,
    80.61884215899876,
    82.45073897497994,
    79.97229056698936,
    80.61884215899876,
    80.91132981436593,
    78.60991358757019,
    78.14039417675563,
    81.00369444915226,
    83.6129925080708,
    79.90301719733647,
    80.46490124293736,
    80.04156393664223,
    82.2737067937851,
    80.1493227481842,
    80.12623148305076,
    79.57204410008022,
    80.4879925080708,
    82.3583743401936,
    78.83312787328448,
    80.88823897497994,
    80.01847267150879,
    80.59575131961277,
    79.74907628127507,
    82.18134215899876,
    79.81834965092796,
    81.4039409160614,
    78.72536948748997,
    80.19550485270364,
    80.61884215899876,
    80.68811552865165,
    81.53479056698936,
    80.68811552865165,
    79.86453218119485,
    80.84205644471305,
    80.28786948748997,
    80.11083730629512,
    79.9953818321228,
    79.57204410008022,
    78.20966754640851,
    81.65024646690914,
    80.26477822235653,
    81.7810961178371,
    81.11145326069423,
    79.8414409160614,
    81.21921164648873,
    80.59575131961277,
    82.0504925080708,
    79.10252468926566,
    81.08836199556079,
    81.11145326069423
  ],
  "epoch_val_losses": [
    2.2908727500089414,
    2.211584687992266,
    2.1313639218640175,
    2.0589557673521104,
    1.9851405073882669,
    1.9234761174317379,
    1.8657719732090166,
    1.8105500769463314,
    1.7654234588525857,
    1.7155361372953768,
    1.6763019592139372,
    1.6290940851162954,
    1.588004970246819,
    1.5536989444380354,
    1.5200138714662783,
    1.495034346914595,
    1.471096804187556,
    1.4311101747925874,
    1.4045556783676147,
    1.3889923482943491,
    1.3655420367125493,
    1.3483395189236684,
    1.3175521800472478,
    1.2973982680375409,
    1.2807956569513697,
    1.2683332619393708,
    1.258151469336953,
    1.2354316377336052,
    1.217640918910883,
    1.203622056800089,
    1.1897626781159905,
    1.1831452952828376,
    1.1631588810568403,
    1.1562842100289217,
    1.1425774105035575,
    1.1363363224229994,
    1.1290569172543325,
    1.117339068537305,
    1.1140701315205568,
    1.101389209555972,
    1.079849948548967,
    1.0831761648700495,
    1.062442857748384,
    1.0772311520424618,
    1.0618454316619095,
    1.0611335828805426,
    1.0511710093279554,
    1.0261361037090326,
    1.0283024573022392,
    1.026530305291437,
    1.008720930974195,
    1.0124139527606357,
    1.0132870879142908,
    1.0220685844208783,
    1.0123850479247465,
    0.993255411363711,
    0.999119424136581,
    0.9963627203254942,
    0.9940696950930699,
    0.975704862433634,
    0.9845650871847845,
    0.980641505900462,
    0.9870564960370398,
    0.9796993238910748,
    0.9697136981472089,
    0.9642800802637816,
    0.9649801166953554,
    0.9672964105180873,
    0.9669720917750316,
    0.9634645391421713,
    0.9654433844955104,
    0.9643894373231633,
    0.9612406556773337,
    0.9714697504499156,
    0.9606243106210308,
    0.9569248872198117,
    0.9568028343710929,
    0.9455046065294059,
    0.9440189440538929,
    0.953052360161095,
    0.9486496626951133,
    0.9670507349785725,
    0.9517219446267292,
    0.9548886828361802,
    0.9563604156682446,
    0.9507684601340324,
    0.9548897572383759,
    0.9489202396884845,
    0.9537724579215809,
    0.9476725428727022,
    0.9457807859797387,
    0.9549770431154093,
    0.953447036302773,
    0.9498583750360331,
    0.9498332169405215,
    0.9401295769746136,
    0.9401307717250411,
    0.9467726699106253,
    0.9338831696540687,
    0.952448207861299
  ],