{
  "epoch_losses": [
    1.7274756411259824,
    1.139587729153308,
    0.9157756770198996,
    0.7966732017018578,
    0.7236670413985848,
    0.676237921230495,
    0.6380011765286326,
    0.6053325245156884,
    0.5860046972943977,
    0.5636831895363602,
    0.5486742018468,
    0.5236276949078522,
    0.5176742778752338,
    0.5058268258263442,
    0.49187528240409767,
    0.48860880034044385,
    0.4787346465005116,
    0.4713131223212589,
    0.4679769402454523,
    0.455613639798354,
    0.4515787021849643,
    0.44243014650419354,
    0.4425213681110604,
    0.43795943357558414,
    0.42810456712984224,
    0.4288788287138397,
    0.4213349722241136,
    0.418665595670146,
    0.41684918687678874,
    0.4154481572861021,
    0.4105530842630701,
    0.41006683075631206,
    0.39935572419992904,
    0.39799094534563745,
    0.3953493481755934,
    0.3916258257178759,
    0.3893914647315713,
    0.3899859014517543,
    0.38297999902120367,
    0.38220842847261915,
    0.36973501674153586,
    0.3863544643602588,
    0.37210630187341437,
    0.37629005001773214,
    0.37744517740793526,
    0.37851164534434,
    0.37155207858251577,
    0.3677177883430638,
    0.36822646214965393,
    0.3703732829837298,
    0.36056942014362325,
    0.36603906083936716,
    0.3626720021288334,
    0.3531692926983603,
    0.36313027676872234,
    0.3559835341293365,
    0.3515537076375701,
    0.3506879124324769,
    0.3507786726325073,
    0.35070954936302523,
    0.34758588836782356,
    0.34923991370438173,
    0.3410178316672417,
    0.35107201689176937,
    0.34577195888215845,
    0.33996968485668977,
    0.34064636271531606,
    0.3482764360748909,
    0.34637706695039844,
    0.343886971981688,
    0.34293969707902183,
    0.3399218998807059,
    0.3450493145607073,
    0.34575891943479126,
    0.344000957144255,
    0.3436549209820276,
    0.34090301525694405,
    0.3419306249442426,
    0.33328602255576034,
    0.3453726240179755,
    0.3376856811810285,
    0.3455108958508142,
    0.334503123938868,
    0.3361781551502645,
    0.33953061316755007,
    0.34050052278590476,
    0.3443631036418744,
    0.3390685158612376,
    0.3389792076777667,
    0.34143673118457873,
    0.33478747092356737,
    0.3380774852227081,
    0.3353357639333064,
    0.3431070969143713,
    0.34018834424205124,
    0.3376286655071784,
    0.33215388443998317,
    0.33541575815020636,
    0.34102801112881437,
    0.3372302930167114
  ],
  "epoch_accs": [
    60.58889679949392,
    77.33013731512156,
    78.80504263395613,
    79.72715436057611,
    80.53503788330339,
    80.76349432495508,
    81.68383051048626,
    82.09872161122885,
    82.13186553594741,
    82.84327651966701,
    83.05516099049287,
    83.43276516957717,
    83.78669509494847,
    84.04296877031976,
    84.3371212313121,
    84.23058714040302,
    84.77864583784884,
    84.65553979304704,
    85.11718752031976,
    85.10061554949392,
    85.34801138395613,
    85.41785038330339,
    85.47466857866807,
    85.39240058850159,
    85.86410986767574,
    85.9605824066834,
    85.81853695213795,
    86.13695549693975,
    86.38908619230443,
    86.2446733157743,
    86.31036931818181,
    86.2902462313121,
    86.81167140603065,
    86.54888732866807,
    86.62642047486521,
    86.83179452676664,
    86.93832861767574,
    86.6785037923943,
    87.21235797486521,
    87.26799244230443,
    87.6864346590909,
    87.04604641957717,
    87.61955492875792,
    87.39109850403938,
    87.10700759494847,
    87.43963068859144,
    87.73496686057611,
    87.81072443181819,
    87.62428977272727,
    87.74739585139535,
    87.68288354304704,
    87.76396782222119,
    87.91489111767574,
    88.27651515603065,
    87.82611270858483,
    87.77521306818181,
    88.2433712313121,
    88.1824100559408,
    88.44105113636364,
    88.33984377031976,
    88.38660039684989,
    88.53752369230443,
    88.35878316313028,
    88.19010418585755,
    88.22561554949392,
    88.40080492875792,
    88.7926136566834,
    88.35878316313028,
    88.14808238636364,
    88.24988163330339,
    88.24455494230443,
    88.67601799693975,
    88.5250947014852,
    88.2066761566834,
    88.39547823775898,
    87.94034092941068,
    88.66062975403938,
    88.23686079545455,
    88.51976801048626,
    88.24573863636364,
    88.60854641957717,
    88.2954545657743,
    88.57185134494847,
    88.63636363636364,
    88.65293562412262,
    88.27769888395613,
    88.57185134494847,
    88.60854641957717,
    88.41441761363636,
    88.51858429949392,
    88.44756157222119,
    88.64405778321353,
    88.72159092941068,
    88.1977983157743,
    88.59848486767574,
    88.29782198775898,
    88.60854641957717,
    88.45643941313028,
    88.46531725403938,
    88.50082861767574
  ],
  "epoch_val_losses": [
    1.2618951702573498,
    0.9188183192994185,
    0.7770280515312389,
    0.6893612032483338,
    0.6286218090421835,
    0.5852389393528555,
    0.5599360991815093,
    0.5300555363961845,
    0.5119944345799221,
    0.49546761801288386,
    0.4766587634944612,
    0.46142575600344665,
    0.4553573272030824,
    0.4470144067979922,
    0.4368405706563573,
    0.43154882862689387,
    0.4330730120277709,
    0.42260246586268113,
    0.41977190060220704,
    0.41217829346372065,
    0.40644879069677586,
    0.40620427991554237,
    0.4088989260849679,
    0.3955964391018934,
    0.39498060362733856,
    0.3976003152264911,
    0.38157063029753935,
    0.38648904665450384,
    0.387881496719494,
    0.38466331647459867,
    0.38196801769125993,
    0.3750793282298525,
    0.37912707381947025,
    0.36811715952909674,
    0.3719590611898216,
    0.37825950045304696,
    0.3746898302416893,
    0.36444483593011356,
    0.3719801473769413,
    0.37250516245699233,
    0.36000462740090244,
    0.35844780561650635,
    0.35199505387313046,
    0.361550111347323,
    0.36332371432310456,
    0.3587733647625917,
    0.35250037139768053,
    0.35467650352200125,
    0.3495980732285293,
    0.35249742542862134,
    0.35791440013867276,
    0.35710153643302855,
    0.34909686481781826,
    0.35149460670295035,
    0.34719171579096725,
    0.3469013384762843,
    0.34808148396242955,
    0.3460224415561196,
    0.3389830412758384,
    0.3506441209109346,
    0.3453314451939741,
    0.34145999690339823,
    0.3414395906648059,
    0.34300283178876917,
    0.349372434008653,
    0.341706727055987,
    0.3468150956805345,
    0.33755579424701676,
    0.3420139816204074,
    0.3425755264937498,
    0.3458099117039875,
    0.345770473123356,
    0.3377232810328151,
    0.34156032385909635,
    0.34208410703072883,
    0.33972393944384943,
    0.34501724490884006,
    0.34177399146708715,
    0.3344397862815553,
    0.3425550697857787,
    0.344746767050901,
    0.3424790185538067,
    0.3330834511026835,
    0.34334015210343016,
    0.3405880704996692,
    0.3433527534080159,
    0.3409911733666423,
    0.3407505875465217,
    0.34968833482948836,
    0.33814222142574896,
    0.33591697687745853,
    0.3322627562910888,
    0.34245967471106037,
    0.342695122311829,
    0.3383099634176607,
    0.3363560330905732,
    0.343773054611531,
    0.343504078923517,
    0.34104367784538847,
    0.34226097754991736
  ],