{
  "epoch_losses": [
    2.203801883778102,
    1.91056773192446,
    1.6767134078791444,
    1.497269657296194,
    1.375760573736379,
    1.2628757030191555,
    1.1801025959807383,
    1.1148805408410623,
    1.052018749042296,
    0.9985399632386758,
    0.963009711722253,
    0.9304726426030548,
    0.8902654215483599,
    0.8718407053343007,
    0.8526538173917314,
    0.8276123807463848,
    0.8101379653097878,
    0.7889351017878089,
    0.7778357519230372,
    0.7640228111978987,
    0.766361846890248,
    0.7320523892699833,
    0.7279162986177794,
    0.7267955780868799,
    0.7236512353722478,
    0.7112330500508698,
    0.7023294433741503,
    0.6926750267895174,
    0.6803516409766506,
    0.6784594722197089,
    0.6694238269832772,
    0.6693284893539589,
    0.6629284406212014,
    0.6505966908495191,
    0.6508815615949496,
    0.6508955913530269,
    0.637838366165967,
    0.6330264349218825,
    0.6258419907428849,
    0.6330137122684801,
    0.627064284724249,
    0.62868652755106,
    0.6142229920541736,
    0.6074317362107021,
    0.61582378728289,
    0.6157996071056581,
    0.615464017424785,
    0.6189884064902722,
    0.6128070220141344,
    0.6036878383495439,
    0.6046158222245498,
    0.5937001365171352,
    0.5850542636824326,
    0.5900996415547921,
    0.5909315759027508,
    0.5973575085821287,
    0.5843286648602553,
    0.6088413130229627,
    0.5968381048927844,
    0.574176120086455,
    0.5850938059074778,
    0.5802798779077933,
    0.5801380071001994,
    0.5829631992628876,
    0.5801366408106307,
    0.575299148828211,
    0.5708050925127217,
    0.5722783875297492,
    0.5705558552708424,
    0.5770724613062093,
    0.577653061755946,
    0.5740292374516877,
    0.5847334580522188,
    0.561430081095494,
    0.5727297974304414,
    0.5681105474351158,
    0.5853965752561328,
    0.5830912564841795,
    0.5831918313469685,
    0.5694170476685108,
    0.5778802284892176,
    0.5614413144722791,
    0.5781267465839923,
    0.5735568546913039,
    0.5660805928875023,
    0.5652490115501512,
    0.5755539784129237,
    0.5649227575517036,
    0.5788522820237657,
    0.5573631785285305,
    0.5727175365031605,
    0.5687228227165383,
    0.562608325985116,
    0.5621544387139065,
    0.5587803666860285,
    0.5624478186520052,
    0.5634569646397107,
    0.5575890799223537,
    0.5624411483885536,
    0.5690021653410414
  ],
  "epoch_accs": [
    31.294014084507044,
    68.88204225352112,
    76.01232394366197,
    77.64084507042253,
    77.94894366197182,
    79.2693661971831,
    79.97359154929578,
    79.44542253521126,
    80.76584507042253,
    79.97359154929578,
    80.76584507042253,
    80.98591549295774,
    80.9419014084507,
    81.25,
    81.16197183098592,
    81.29401408450704,
    81.91021126760563,
    81.5580985915493,
    82.04225352112677,
    81.5580985915493,
    81.42605633802818,
    82.3943661971831,
    82.52640845070422,
    81.51408450704226,
    82.21830985915493,
    82.65845070422536,
    82.30633802816901,
    82.57042253521126,
    82.48239436619718,
    82.17429577464789,
    82.7024647887324,
    82.43838028169014,
    82.3943661971831,
    83.31866197183099,
    82.74647887323944,
    82.7024647887324,
    82.9225352112676,
    83.14260563380282,
    82.9225352112676,
    82.65845070422536,
    82.87852112676056,
    82.87852112676056,
    83.2306338028169,
    83.67077464788733,
    83.80281690140845,
    82.6144366197183,
    83.45070422535211,
    82.83450704225352,
    82.74647887323944,
    83.09859154929578,
    83.0105633802817,
    83.0105633802817,
    83.84683098591549,
    83.45070422535211,
    83.49471830985915,
    82.9225352112676,
    84.11091549295774,
    82.65845070422536,
    83.18661971830986,
    83.84683098591549,
    83.75880281690141,
    84.33098591549296,
    84.15492957746478,
    83.80281690140845,
    83.27464788732394,
    83.58274647887323,
    84.55105633802818,
    83.75880281690141,
    83.84683098591549,
    83.93485915492958,
    83.53873239436619,
    84.33098591549296,
    83.40669014084507,
    84.11091549295774,
    83.40669014084507,
    84.41901408450704,
    83.31866197183099,
    83.27464788732394,
    83.0105633802817,
    83.84683098591549,
    82.79049295774648,
    84.375,
    83.45070422535211,
    83.58274647887323,
    83.89084507042253,
    84.24295774647888,
    83.18661971830986,
    84.41901408450704,
    84.0669014084507,
    84.24295774647888,
    83.53873239436619,
    84.02288732394366,
    84.02288732394366,
    83.71478873239437,
    84.19894366197182,
    84.50704225352112,
    84.02288732394366,
    84.50704225352112,
    83.80281690140845,
    83.67077464788733
  ],
  "epoch_val_losses": [
    2.0494139650065426,
    1.7836971715757042,
    1.5830090987454555,
    1.4346566534346077,
    1.3169026131842547,
    1.2240408807043817,
    1.1478145619866196,
    1.085746803481108,
    1.033075752531647,
    0.9908293045250474,
    0.9517599431572447,
    0.9257017339870428,
    0.8929690316224553,
    0.8729716080009557,
    0.8432292577567374,
    0.8335389451236482,
    0.8153009555142396,
    0.7977939468280525,
    0.7870071465802041,
    0.7703016624329196,
    0.7605080458388966,
    0.7553603034110585,
    0.7381056549063154,
    0.7250909207353167,
    0.7217477651158716,
    0.7211635351940325,
    0.7080094605494457,
    0.7004187475344178,
    0.6929072599122479,
    0.6864358256956574,
    0.6820080582123653,
    0.6838237493281152,
    0.6765518440942097,
    0.6659204889634612,
    0.6607986367811822,
    0.664922953031625,
    0.6593225493932225,
    0.6514037074936423,
    0.6512030218816867,
    0.645537432971274,
    0.637477240554846,
    0.6366988414791739,
    0.6276179555874721,
    0.6310391202094449,
    0.6355918501592746,
    0.6298246556406568,
    0.6205686864199912,
    0.621522296955631,
    0.6191633901778301,
    0.6187013342122364,
    0.6180608247875408,
    0.6219364025030926,
    0.6118559918965504,
    0.616092614307525,
    0.6123585266292475,
    0.6127649570346638,
    0.6056942336118905,
    0.6055980203258005,
    0.603682222070208,
    0.6013178086964188,
    0.6064680078227049,
    0.6010000846188539,
    0.5995427273261319,
    0.5990346767909968,
    0.6016704889999074,
    0.5928384986273043,
    0.5980432517589278,
    0.5921938100438209,
    0.5938241436223316,
    0.5949326687178035,
    0.5925398022885535,
    0.5966036716464219,
    0.584047584586842,
    0.5902827906001146,
    0.59703572787297,
    0.5870752905964092,
    0.5953081831051286,
    0.5953261516276439,
    0.5872499997828416,
    0.5940293271070832,
    0.5935996136847576,
    0.5989667744773208,
    0.5905913418265665,
    0.5870597770639286,
    0.5930597628377805,
    0.5890380948971791,
    0.5867666357262119,
    0.587594948756467,
    0.5958197857164274,
    0.5904331865963662,
    0.5852632346046958,
    0.5887209087800068,
    0.5924342398051243,
    0.5930544115175866,
    0.5917136663464224,
    0.5904345989796767,
    0.5966718455029142,
    0.5893342127655722,
    0.5814777724682145,
    0.594187787763632
  ],