{
  "epoch_losses": [
    2.0562302829525994,
    1.5887731347523681,
    1.3096907223370058,
    1.145092603162671,
    1.029738056744244,
    0.9563455649301515,
    0.8866492780387825,
    0.8428786257480053,
    0.8053912998091245,
    0.7786598767794616,
    0.7473532809010635,
    0.7263974460726934,
    0.7141195886524011,
    0.6948831370959045,
    0.6787289114708596,
    0.6674495861462667,
    0.6529528249240091,
    0.6436908454337018,
    0.640752837590292,
    0.6280819695469335,
    0.6212775252812298,
    0.6143966987200663,
    0.6046300283137788,
    0.5984314409553582,
    0.5971521426599922,
    0.5891810425207125,
    0.5798346653897711,
    0.577052540812932,
    0.5754346674215709,
    0.5682752777075937,
    0.5645445558830355,
    0.5648479098123862,
    0.5607832415518186,
    0.5570138551241962,
    0.5517451370016058,
    0.5474718794332328,
    0.5489147275897628,
    0.5408041236248422,
    0.5392231157062747,
    0.5395910629989408,
    0.5386806236091235,
    0.53666042689736,
    0.5358654953909259,
    0.5303114386315041,
    0.5304599858767597,
    0.5281535693516968,
    0.5233464811710601,
    0.5293754690082361,
    0.5214416458674357,
    0.5183430116438696,
    0.5233577359864052,
    0.5182551910691228,
    0.5227731798134797,
    0.5167896043747029,
    0.5177610886435137,
    0.519891582270886,
    0.5126213556063091,
    0.5146011794712526,
    0.5120212251835681,
    0.5097150954794376,
    0.50944174234326,
    0.5061398964401678,
    0.5104115614865689,
    0.5068655498061619,
    0.5008018642452592,
    0.5036924143209525,
    0.5084638177080357,
    0.5042319003994583,
    0.5023292917097714,
    0.5076370360792106,
    0.49581091919689313,
    0.5023274395271395,
    0.4996721865014827,
    0.5011234239060828,
    0.5016891345487419,
    0.5017137142783361,
    0.5017559768248957,
    0.4963808060749203,
    0.4994729664308805,
    0.502448485358387,
    0.495161956295054,
    0.5002614521811194,
    0.49428269520719,
    0.49949765522429285,
    0.5016939418112978,
    0.49551956905118116,
    0.49899583759037314,
    0.4996996008335276,
    0.5011852977546394,
    0.5014333198679254,
    0.4948194591288871,
    0.5022578419100309,
    0.5044582887744227,
    0.5053467230593904,
    0.5053888805580478,
    0.4915707134608681,
    0.49681712169173764,
    0.49723720645650904,
    0.4983230648522681,
    0.4941719384692239
  ],
  "epoch_accs": [
    49.04698581560284,
    77.34929078014184,
    78.90070921985816,
    80.31914893617021,
    80.25265957446808,
    80.58510638297872,
    81.84840425531915,
    81.29432624113475,
    81.73758865248227,
    81.36081560283688,
    82.00354609929079,
    81.95921985815603,
    81.91489361702128,
    82.22517730496453,
    82.55762411347517,
    81.95921985815603,
    82.60195035460993,
    82.80141843971631,
    82.77925531914893,
    83.06737588652483,
    83.24468085106383,
    83.04521276595744,
    83.51063829787235,
    83.51063829787235,
    82.73492907801419,
    83.0895390070922,
    83.86524822695036,
    83.55496453900709,
    83.57712765957447,
    83.66578014184397,
    83.55496453900709,
    83.42198581560284,
    83.33333333333333,
    83.8209219858156,
    83.86524822695036,
    84.17553191489361,
    83.97606382978724,
    84.28634751773049,
    83.93173758865248,
    83.77659574468085,
    83.48847517730496,
    84.08687943262412,
    83.86524822695036,
    84.13120567375887,
    84.21985815602837,
    83.97606382978724,
    84.86258865248227,
    84.30851063829788,
    84.21985815602837,
    84.66312056737588,
    84.88475177304964,
    84.26418439716312,
    84.06471631205673,
    84.46365248226951,
    84.28634751773049,
    84.02039007092199,
    84.57446808510639,
    84.10904255319149,
    84.48581560283688,
    84.26418439716312,
    84.30851063829788,
    84.64095744680851,
    84.06471631205673,
    84.48581560283688,
    84.7517730496454,
    84.28634751773049,
    84.72960992907801,
    84.81826241134752,
    84.9290780141844,
    84.15336879432624,
    85.15070921985816,
    84.44148936170212,
    84.90691489361703,
    84.24202127659575,
    84.66312056737588,
    84.26418439716312,
    84.66312056737588,
    84.9290780141844,
    84.68528368794327,
    84.86258865248227,
    84.95124113475177,
    84.04255319148936,
    84.88475177304964,
    84.53014184397163,
    84.21985815602837,
    84.97340425531915,
    84.86258865248227,
    84.35283687943263,
    84.50797872340425,
    84.46365248226951,
    84.9290780141844,
    84.44148936170212,
    84.21985815602837,
    84.66312056737588,
    84.81826241134752,
    85.26152482269504,
    84.552304964539,
    85.03989361702128,
    84.50797872340425,
    84.81826241134752
  ],
  "epoch_val_losses": [
    1.7879779832378315,
    1.4306949460582368,
    1.2174120161943376,
    1.0885197675911484,
    0.9957388711583083,
    0.9262987219603958,
    0.8727608645797535,
    0.8312665055132216,
    0.7965836688211769,
    0.7676493367951387,
    0.7411365436900194,
    0.7258468342434828,
    0.7050059470021801,
    0.6931426312513412,
    0.670491087588535,
    0.6685695473555546,
    0.6575529577246138,
    0.6452370787122447,
    0.6380238018597767,
    0.6273074812570195,
    0.6228112240505826,
    0.6193637331579901,
    0.6084462034094865,
    0.598110065908189,
    0.5976086587283262,
    0.6002455171506116,
    0.5897525659032689,
    0.5837119162841967,
    0.5785348838681628,
    0.5747830795634324,
    0.5738993898318832,
    0.5758655052276174,
    0.5707836242238428,
    0.5609132539314828,
    0.5583138674687428,
    0.5645754035491093,
    0.5604224094919338,
    0.551799517243531,
    0.5545276090218003,
    0.5507759772668219,
    0.5433156759875595,
    0.542758759704365,
    0.5351790903480189,
    0.538432553505442,
    0.5454829441513985,
    0.5391923530845885,
    0.5309120526738987,
    0.5332111108834576,
    0.5303345727882568,
    0.5312572709124559,
    0.5319264377378354,
    0.5367484705842984,
    0.5264672764167664,
    0.5312319191018487,
    0.5270295083332973,
    0.5297697790109428,
    0.5235655996829841,
    0.5230118221348259,
    0.520365138342426,
    0.5203893659221139,
    0.5246333259685784,
    0.5198820649058955,
    0.5172353630802434,
    0.5177399217133309,
    0.5218540865714383,
    0.5131436798033441,
    0.5194619374859865,
    0.5121181470573328,
    0.5154605408193199,
    0.5158280091490716,
    0.5133072679779332,
    0.518576338033008,
    0.50653355433398,
    0.5111923929612348,
    0.5198933203129252,
    0.5086128337747732,
    0.5181920324351378,
    0.5181933390866419,
    0.5090924505215542,
    0.5168594873634873,
    0.5160071764402329,
    0.5225268069915711,
    0.5119645578466403,
    0.5104738410301269,
    0.5150239394538721,
    0.5118641010515249,
    0.5106213761932531,
    0.5105918645858765,
    0.5203276899210207,
    0.5135463062365344,
    0.5081189543388451,
    0.5110117889893283,
    0.5149878047074482,
    0.5157469856511255,
    0.5160112485384486,
    0.5132128695963295,
    0.5192873643082418,
    0.5132150030250002,
    0.503210562049963,
    0.5175772012229178
  ],