{
  "epoch_losses": [
    1.675932434133508,
    1.0619995842941783,
    0.8535243059423837,
    0.7481606668708,
    0.6826922388070009,
    0.6477814737538045,
    0.6147154020145535,
    0.5893797696652737,
    0.5735463275658813,
    0.5552314005114816,
    0.5476248859512535,
    0.5280539864166216,
    0.5202285500920631,
    0.5119421815668995,
    0.4986007999713448,
    0.4999717933718454,
    0.4923506056551229,
    0.4849421954713762,
    0.4846717168323018,
    0.47810302962633694,
    0.4697153776968745,
    0.4639870476570319,
    0.46687034284695983,
    0.45866076762534,
    0.4546692934818566,
    0.45675854406065564,
    0.44576964603567665,
    0.44318700721487403,
    0.44312200470912183,
    0.44366002159023826,
    0.44019085075706244,
    0.4424052668142725,
    0.4340420383113352,
    0.4310613238591362,
    0.4306066635234112,
    0.4286474770104343,
    0.4287375584456392,
    0.42607617395168,
    0.419943953694945,
    0.4234941009093415,
    0.40920818503946066,
    0.4209985837594352,
    0.4093938512219624,
    0.41834592082622374,
    0.4155120162547312,
    0.4183845141987232,
    0.41363643372262066,
    0.40869231340052053,
    0.4122357393868945,
    0.41095669694583525,
    0.4061585016209971,
    0.41172358683649113,
    0.40640410615808586,
    0.4027159954844551,
    0.40930442410436546,
    0.4026029380885037,
    0.3970222710208459,
    0.40010131465863774,
    0.39911270869726484,
    0.3974523990288038,
    0.3977017505094409,
    0.3952354939485138,
    0.38989894646643236,
    0.40368295731869613,
    0.39604928060858086,
    0.38650046987459064,
    0.3938183478206735,
    0.39934546242214064,
    0.39329122684218665,
    0.390742546222596,
    0.39542987646365707,
    0.3870633591855453,
    0.393192256631499,
    0.39472443716261874,
    0.39058379172770813,
    0.3921003182079982,
    0.39162783536382695,
    0.3929426637266509,
    0.38492120592854917,
    0.39630863625048235,
    0.38419112211770634,
    0.3973553771872751,
    0.3866855064406991,
    0.3884565436958589,
    0.3926292444917966,
    0.3916718978434801,
    0.3943673118694939,
    0.3950738893948834,
    0.38987246524034574,
    0.39203237401406194,
    0.3881098244508559,
    0.3918669739611108,
    0.38626975371417677,
    0.39643980243073945,
    0.39632358990440314,
    0.3856518691913648,
    0.384155836252665,
    0.3864615206310356,
    0.391854097135365,
    0.38801977421495726
  ],
  "epoch_accs": [
    65.17104641957717,
    79.76266572421247,
    80.5285274813121,
    81.27189867875792,
    81.86553030867468,
    81.81995739313689,
    82.3153409090909,
    82.52249053594741,
    82.74562026966701,
    82.89654356512156,
    82.98532197421247,
    83.74348960139535,
    83.64464964040302,
    83.71330492875792,
    83.96306820213795,
    84.18619793585755,
    84.34777463024312,
    84.06190816313028,
    84.18146307495508,
    84.5691288059408,
    84.61115058850159,
    84.81652464040302,
    84.6821733157743,
    84.74313447421247,
    84.44247161122885,
    85.08404357866807,
    84.96389678594741,
    85.3113162923943,
    84.96744793585755,
    85.1793324066834,
    85.44921875,
    84.89642520858483,
    85.51669036122885,
    85.35807293585755,
    85.57114111767574,
    85.52675191313028,
    85.35807293585755,
    85.69424717941068,
    85.9694602475925,
    85.51787407222119,
    86.37251420454545,
    85.80314869230443,
    86.5553977475925,
    85.86410986767574,
    86.24585702676664,
    85.7907197014852,
    86.37784092941068,
    86.39914772727273,
    86.0440340909091,
    86.32575759494847,
    85.8540483157743,
    86.0339725559408,
    86.57433714040302,
    86.5376420657743,
    86.05054452676664,
    86.36245266957717,
    86.48437502031976,
    86.46010891957717,
    86.69211647727273,
    86.22573390603065,
    86.30918562412262,
    86.55658145858483,
    86.64299242875792,
    86.49443657222119,
    86.46898676048626,
    86.91051138395613,
    86.81403884494847,
    86.60984850403938,
    86.66429926048626,
    86.56309186057611,
    86.05942236767574,
    86.79391572421247,
    86.62523674693975,
    86.7329545657743,
    86.54533617875792,
    86.50213070213795,
    86.6199100559408,
    86.78089488636364,
    87.04723011363636,
    86.53113164684989,
    87.14251895858483,
    86.3512074066834,
    86.82054924693975,
    86.84067236767574,
    86.99277937412262,
    86.60748106512156,
    86.71401515603065,
    86.50568181818181,
    86.84067236767574,
    87.09812975403938,
    86.67080967941068,
    86.68205494230443,
    86.82410039684989,
    86.2790009514852,
    86.37902464040302,
    86.7098721590909,
    86.76964964040302,
    86.73532198775898,
    86.6808712313121,
    86.67080967941068
  ],
  "epoch_val_losses": [
    1.1712495491003534,
    0.8427334029203767,
    0.7251983004011167,
    0.6529904366678493,
    0.6038561501320759,
    0.5732392592794576,
    0.5481323687134275,
    0.5191561365203493,
    0.5077509485232602,
    0.49169189259884466,
    0.4763666900100222,
    0.4739563140519865,
    0.469418505954135,
    0.45648293035804843,
    0.44743446934564857,
    0.4468413704329995,
    0.44536144158263113,
    0.43921800214014234,
    0.44197981154463095,
    0.43499491209532043,
    0.43293127256214237,
    0.4282073090505448,
    0.43149985392002543,
    0.41874429659478984,
    0.42285876146927004,
    0.4248417704158528,
    0.4188495264121681,
    0.41698429107096546,
    0.4144811249652486,
    0.41202500566935085,
    0.4126063285359911,
    0.4140328178360204,
    0.4101927554721286,
    0.40226398379939377,
    0.4036436294009731,
    0.40547300637907285,
    0.4097815951344314,
    0.398203090212907,
    0.40902421239075387,
    0.4055453113689544,
    0.39707884069081323,
    0.3962300282185245,
    0.38899516271557777,
    0.39482417750130794,
    0.40316795429606345,
    0.3991748419157259,
    0.3907982142298085,
    0.3884244731087593,
    0.38677189650998756,
    0.3968177181994839,
    0.39497125015896595,
    0.4075459929028894,
    0.39216608454467383,
    0.3883057545134976,
    0.38775019532745814,
    0.3864026837478018,
    0.39164310987967593,
    0.387805204387683,
    0.3821747798448915,
    0.3876703138564043,
    0.3857876461022978,
    0.3812148798802856,
    0.3835372376214167,
    0.38479155178662316,
    0.391472434352158,
    0.3813800831224508,
    0.38645477830224734,
    0.37958563508311655,
    0.3851788498129055,
    0.3839118879786722,
    0.378083527277989,
    0.38906097393127004,
    0.3776421391992432,
    0.38342200148447303,
    0.3895130346345294,
    0.3781330344403625,
    0.3919924138363,
    0.38487716716755727,
    0.37331276358502685,
    0.38821908271616434,
    0.38639934826049077,
    0.3920266000423462,
    0.3777646728476901,
    0.3844066138859767,
    0.38877647260951387,
    0.3837128190952501,
    0.3868409537111118,
    0.38489786160599654,
    0.3946412571581306,
    0.38031104263985993,
    0.37977755658186163,
    0.38259369087447026,
    0.385926575560099,
    0.38817660586469493,
    0.3875389333078816,
    0.3786099845911287,
    0.3856025789953341,
    0.3856889297533187,
    0.37515394356410214,
    0.3899510837854094
  ],