{
  "epoch_losses": [
    1.3695801548151807,
    0.8053262511860918,
    0.6700491125018082,
    0.6069893326017667,
    0.5702692109414123,
    0.5402202309447933,
    0.5263854217800227,
    0.5120036925654858,
    0.49768372551030055,
    0.48847302921455016,
    0.47691352261145686,
    0.47264183357103984,
    0.4706945583986288,
    0.4615821880288422,
    0.4527679617643695,
    0.4472679765895009,
    0.4483388185458766,
    0.4392563345291736,
    0.43411975530695845,
    0.43101155424532905,
    0.4251121766441925,
    0.4276400488081642,
    0.421956788462756,
    0.420439275785942,
    0.4204459618142044,
    0.4153562417169186,
    0.4119796685302969,
    0.4124622011599554,
    0.410415909813971,
    0.40611883319533343,
    0.40209211489524355,
    0.40356464412021026,
    0.3957485626663335,
    0.39816251573872496,
    0.39771424868906086,
    0.3947010004935278,
    0.390256662921853,
    0.387290672917681,
    0.393251305308447,
    0.3883211514595049,
    0.3870914140927859,
    0.3878771267958324,
    0.38353880418633873,
    0.38523066274567763,
    0.3851618060672825,
    0.3829801490911367,
    0.37790223999499256,
    0.3750769060888243,
    0.38283982074988837,
    0.37720163485077635,
    0.37246321429583157,
    0.3763205702152019,
    0.37014542161275377,
    0.3778019391677596,
    0.37322243551765993,
    0.37052715590901,
    0.37406417028978467,
    0.3744316179813309,
    0.3726380723740228,
    0.3711790779012848,
    0.36625385939524596,
    0.3703515240710906,
    0.3752678502774374,
    0.37050103283995256,
    0.3647036768644201,
    0.3674124699847942,
    0.37021533227313985,
    0.3652499965286221,
    0.3644367270912467,
    0.3646321115824817,
    0.3637748082295399,
    0.36437544327186927,
    0.370132311490703,
    0.3665425936606797,
    0.36265632390594954,
    0.3607787591595711,
    0.3569408960068937,
    0.36477167826061224,
    0.3641458751781928,
    0.3647651815342463,
    0.3612580295038325,
    0.3648710912516849,
    0.3600980864139274,
    0.3583518651377579,
    0.3567006645343182,
    0.3638128604718738,
    0.36132037701000547,
    0.35898839248428965,
    0.36274304761635984,
    0.35933125448751857,
    0.3571372846966948,
    0.3581257645591078,
    0.36233981585511094,
    0.3555689448152076,
    0.3574423885756088,
    0.3629276893440295,
    0.3596105504654009,
    0.3586801730244505,
    0.36172112880740315,
    0.3608215895947069
  ],
  "epoch_accs": [
    72.75390625,
    80.53533380681819,
    81.70720880681819,
    82.0223721590909,
    82.67933238636364,
    83.27414772727273,
    83.13654119318181,
    83.41619318181819,
    83.63813920454545,
    84.2684659090909,
    84.19744318181819,
    84.42826704545455,
    84.27734375,
    84.44602272727273,
    84.9609375,
    84.8544034090909,
    85.1473721590909,
    85.28497869318181,
    85.08522727272727,
    85.40482954545455,
    85.62677556818181,
    85.28941761363636,
    85.43590198863636,
    85.72887073863636,
    85.84428267045455,
    85.87091619318181,
    86.11949573863636,
    86.03959517045455,
    85.95081676136364,
    86.13725142045455,
    86.43909801136364,
    86.35919744318181,
    86.47904829545455,
    86.15056818181819,
    86.19939630681819,
    86.3680752840909,
    86.55450994318181,
    86.83416193181819,
    86.47904829545455,
    86.74094460227273,
    86.5145596590909,
    86.79865056818181,
    86.79865056818181,
    86.6299715909091,
    86.67436079545455,
    87.01615767045455,
    87.08718039772727,
    86.88742897727273,
    86.79421164772727,
    86.865234375,
    87.11381392045455,
    86.92737926136364,
    87.04279119318181,
    86.98508522727273,
    87.09605823863636,
    87.25142045454545,
    87.07386363636364,
    86.82972301136364,
    86.9229403409091,
    87.18483664772727,
    87.34019886363636,
    87.1182528409091,
    87.0694247159091,
    87.21147017045455,
    87.40234375,
    87.23366477272727,
    87.26029829545455,
    87.49556107954545,
    87.43341619318181,
    87.47780539772727,
    87.30912642045455,
    87.35795454545455,
    87.12713068181819,
    87.23810369318181,
    87.39790482954545,
    87.50443892045455,
    87.73082386363636,
    87.09605823863636,
    87.31800426136364,
    87.38458806818181,
    87.46448863636364,
    87.5,
    87.61097301136364,
    87.62872869318181,
    87.84623579545455,
    87.4112215909091,
    87.35795454545455,
    87.4422940340909,
    87.3934659090909,
    87.65092329545455,
    87.67311789772727,
    87.81072443181819,
    87.46448863636364,
    87.61097301136364,
    87.81960227272727,
    87.34907670454545,
    87.57546164772727,
    87.85955255681819,
    87.40234375,
    87.3623934659091
  ],
  "epoch_val_losses": [
    0.8373309108102398,
    0.6141644116419895,
    0.5545974544658783,
    0.5071797649002379,
    0.4810416223896537,
    0.46723742327492707,
    0.4692737943237754,
    0.4499122880067036,
    0.43972297041279496,
    0.4209743489505379,
    0.4223825919210531,
    0.41443181109086724,
    0.4157439130981257,
    0.4083382901112745,
    0.3942593054454418,
    0.39933744158334794,
    0.4033423663609347,
    0.39584994895063386,
    0.3977459069270237,
    0.3893033585831476,
    0.38373975223226914,
    0.39223539008266606,
    0.39216644592156075,
    0.38938101091582306,
    0.37818271858961716,
    0.3888940816851938,
    0.38549424394680437,
    0.383144099241609,
    0.3847638210578329,
    0.3791013521848211,
    0.3803010795289164,
    0.37424486823332537,
    0.3846921150566666,
    0.37191895718217655,
    0.37965853331954613,
    0.3801358671040292,
    0.38727512670930025,
    0.3719279916043494,
    0.3810269954098258,
    0.3919142674963186,
    0.36553950750144426,
    0.3709841810024468,
    0.360188295080024,
    0.35910836773313537,
    0.38216924401605207,
    0.3648281485127036,
    0.3594488204474662,
    0.3641519098999394,
    0.357639716309347,
    0.3702671838224314,
    0.381730955117827,
    0.37520569387325053,
    0.3692693162685747,
    0.36775572507814236,
    0.3693828483580784,
    0.3717452008158538,
    0.36825272621242866,
    0.3702362966100881,
    0.3627068969379565,
    0.3720292317544579,
    0.3701826986518635,
    0.36073110556336724,
    0.36476805549897967,
    0.3616477606497752,
    0.3658922411928511,
    0.35228578089054224,
    0.36425046575297215,
    0.353928658043503,
    0.3583653251504063,
    0.37123023319965714,
    0.3575512029610242,
    0.36912497114034215,
    0.35482942699721665,
    0.35490681985571126,
    0.36419597752155014,
    0.3577280557554239,
    0.37898643855835984,
    0.36383255846371315,
    0.36338923795587696,
    0.3622798222787441,
    0.35963684315704236,
    0.37235647492158186,
    0.3574840459189597,
    0.36594144582368765,
    0.3634858272827355,
    0.36225620761608623,
    0.36580886335889246,
    0.3642387871577102,
    0.3812851965142663,
    0.3652172027404901,
    0.36635151818679396,
    0.36602969225614695,
    0.3667170770798519,
    0.368707052841308,
    0.3650078520083883,
    0.35961670662234924,
    0.36038115184018565,
    0.371003638644507,
    0.3524777951181694,
    0.36539436425942523
  ],